Burrito,Date,Chips,Cost,Hunger,Length,Circum,Volume,Tortilla,Temp,Meat,Fillings,Meat:filling,Uniformity,Salsa,Synergy,Wrap,overall,Rec,Unreliable,NonSD,Beef,Pico,Guac,Cheese,Fries,Sour cream,Pork,Chicken,Shrimp,Fish,Rice,Beans,Lettuce,Tomato,Bell peper,Carrots,Cabbage,Sauce,Salsa.1,Cilantro,Onion,Taquito,Pineapple,Ham,Chile relleno,Nopales,Lobster,Egg,Mushroom,Bacon,Sushi,Avocado,Corn,Zucchini,Great
California,1/18/2016,0,6.49,3.0,,,,3.0,5.0,3.0,3.5,4.0,4.0,4.0,4.0,4.0,3.8,0,0,0,1,1,1,1,1,0,0,0,0,0,0,0,0,0,0,0,0,0,0,0,0,0,0,0,0,0,0,0,0,0,0,0,0,0,False
California,1/24/2016,0,5.45,3.5,,,,2.0,3.5,2.5,2.5,2.0,4.0,3.5,2.5,5.0,3.0,0,0,0,1,1,1,1,1,0,0,0,0,0,0,0,0,0,0,0,0,0,0,0,0,0,0,0,0,0,0,0,0,0,0,0,0,0,False
Carnitas,1/24/2016,0,4.85,1.5,,,,3.0,2.0,2.5,3.0,4.5,4.0,3.0,3.0,5.0,3.0,0,0,0,0,1,1,0,0,0,1,0,0,0,0,0,0,0,0,0,0,0,0,0,0,0,0,0,0,0,0,0,0,0,0,0,0,0,False
Asada,1/24/2016,0,5.25,2.0,,,,3.0,2.0,3.5,3.0,4.0,5.0,4.0,4.0,5.0,3.75,0,0,0,1,1,1,0,0,0,0,0,0,0,0,0,0,0,0,0,0,0,0,0,0,0,0,0,0,0,0,0,0,0,0,0,0,0,False
California,1/27/2016,1,6.59,4.0,,,,4.0,5.0,4.0,3.5,4.5,5.0,2.5,4.5,4.0,4.2,0,0,0,1,1,0,1,1,0,0,0,0,0,0,0,0,0,0,0,0,0,0,0,0,0,0,0,0,0,0,0,0,0,0,0,0,0,True
Other,1/28/2016,0,6.99,4.0,,,,3.0,4.0,5.0,3.5,2.5,2.5,2.5,4.0,1.0,3.2,0,0,0,0,0,1,1,0,1,0,1,0,0,1,1,1,1,0,0,0,0,0,0,0,0,0,0,0,0,0,0,0,0,0,0,0,0,False
California,1/30/2016,0,7.19,1.5,,,,2.0,3.0,3.0,2.0,2.5,2.5,3.371969696969697,2.0,3.0,2.6,0,0,0,1,0,0,1,1,1,0,0,0,0,0,0,0,0,0,0,0,0,0,0,0,0,0,0,0,0,0,0,0,0,0,0,0,0,False
Carnitas,1/30/2016,0,6.99,4.0,,,,2.5,3.0,3.0,2.5,3.0,3.5,3.371969696969697,2.5,3.0,3.0,0,0,0,0,1,1,0,0,0,1,0,0,0,0,0,0,0,0,0,0,0,0,0,0,0,0,0,0,0,0,0,0,0,0,0,0,0,False
California,2/1/2016,1,9.25,3.5,,,,2.0,4.5,4.5,3.5,1.5,3.0,3.5,4.0,2.0,3.9,0,0,0,1,1,1,1,1,1,0,0,0,0,0,0,0,0,0,0,0,0,0,0,0,0,0,0,0,0,0,0,0,0,0,0,0,0,False
Asada,2/6/2016,0,6.25,3.5,,,,2.5,1.5,1.5,3.0,4.5,3.0,1.5,2.0,4.5,2.0,0,0,0,1,1,1,0,0,0,0,0,0,0,0,0,0,0,0,0,0,0,0,0,0,0,0,0,0,0,0,0,0,0,0,0,0,0,False
Surf & Turf,2/6/2016,0,9.5,2.0,,,,2.5,2.5,2.75,2.5,2.5,2.0,0.5,3.0,3.5,2.5,0,0,0,1,0,1,0,0,0,0,0,1,0,1,0,0,0,1,0,0,0,0,0,0,0,0,0,0,0,0,0,0,0,0,0,0,0,False
Other,2/11/2016,1,6.95,2.0,,,,3.0,4.0,4.0,3.0,4.0,4.0,1.0,2.0,1.0,3.0,0,0,0,0,1,0,0,1,0,1,0,0,0,1,1,0,0,0,1,0,0,0,0,0,0,0,0,0,0,0,0,0,0,0,0,0,0,False
California,2/11/2016,0,6.25,3.5,,,,3.0,3.5,3.5,4.0,2.0,3.5,1.0,4.0,4.0,3.9,0,0,0,1,1,0,1,1,0,0,0,0,0,0,0,0,0,0,0,0,0,0,0,0,0,0,0,0,0,0,0,0,0,0,0,0,0,False
Other,2/11/2016,0,6.99,3.0,,,,3.0,1.0,1.5,2.5,4.0,4.0,3.0,4.5,5.0,2.0,0,0,0,0,0,0,0,0,0,0,0,0,1,0,0,0,0,0,0,1,1,0,0,0,0,0,0,0,0,0,0,0,0,0,0,0,0,False
California,2/11/2016,0,6.25,3.0,,,,4.0,3.7830423940149633,2.0,2.0,4.0,4.0,3.371969696969697,3.0,4.0,2.75,0,0,0,1,1,0,1,1,0,0,0,0,0,0,0,0,0,0,0,0,0,0,0,0,0,0,0,0,0,0,0,0,0,0,0,0,0,False
California,2/12/2016,0,7.49,4.0,,,,3.0,2.5,4.0,4.0,3.5,2.5,3.5,5.0,4.5,4.2,0,0,0,1,1,1,1,1,1,0,0,0,0,0,0,0,0,0,0,0,0,0,0,0,0,0,0,0,0,0,0,0,0,0,0,0,0,True
Surf & Turf,2/12/2016,0,8.49,2.5,,,,4.0,4.0,4.5,4.0,5.0,4.5,3.5,4.0,2.0,4.1,0,0,0,1,1,1,0,0,0,0,0,1,0,0,0,0,0,0,0,1,0,0,0,0,0,0,0,0,0,0,0,0,0,0,0,0,0,True
Other,2/14/2016,0,5.99,3.0,,,,4.0,4.0,3.0,3.5,4.0,4.5,4.0,4.0,4.5,4.0,0,0,0,0,0,0,0,0,0,1,0,0,0,0,1,0,0,0,0,0,0,1,1,1,0,0,0,0,0,0,0,0,0,0,0,0,0,True
Other,2/14/2016,0,5.99,2.0,,,,3.5,4.0,3.5,3.5398325358851666,4.0,3.428997613365155,4.0,4.0,1.5,4.0,0,0,0,1,0,0,0,0,0,0,0,0,0,0,0,0,0,0,0,0,0,0,1,1,0,0,0,0,0,0,0,0,0,0,0,0,0,True
California,2/17/2016,0,6.4,4.0,,,,3.0,4.0,2.75,3.0,4.0,2.0,2.0,3.586992840095464,5.0,3.0,0,0,0,1,1,0,0,1,0,0,0,0,0,0,0,0,0,0,0,0,0,0,0,0,0,0,0,0,0,0,0,0,0,0,0,0,0,False
California,2/17/2016,0,6.4,2.5,,,,3.5,3.0,3.0,3.0,4.0,4.0,1.5,3.586992840095464,4.5,3.5,0,0,0,1,1,0,0,1,0,0,0,0,0,0,0,0,0,0,0,0,0,0,0,0,0,0,0,0,0,0,0,0,0,0,0,0,0,False
Other,2/24/2016,0,8.75,3.5,,,,1.5,2.0,3.0,3.5,4.0,1.0,3.5,4.5,4.0,4.0,0,0,0,1,0,1,1,0,0,0,0,0,0,0,0,0,0,0,0,0,0,0,0,0,1,0,0,0,0,0,0,0,0,0,0,0,0,True
Other,2/24/2016,0,5.5,2.5,,,,1.5,2.5,3.5,3.0,4.0,1.5,2.5,3.5,4.5,3.5,0,0,0,0,1,1,0,0,0,1,0,0,0,0,0,0,0,0,0,0,0,0,0,0,0,0,0,0,0,0,0,0,0,0,0,0,0,False
California,2/28/2016,0,7.49,2.5,,,,4.0,3.0,4.0,4.0,4.0,4.0,4.0,4.0,3.0,4.6,0,0,0,1,1,1,1,1,1,0,0,0,0,0,0,0,0,0,0,0,0,0,0,0,0,0,0,0,0,0,0,0,0,0,0,0,0,True
California,2/28/2016,0,7.49,2.5,,,,3.0,2.0,4.5,4.0,4.0,3.5,3.0,4.5,4.5,4.5,0,0,0,1,1,1,1,1,1,0,0,0,0,0,0,0,0,0,0,0,0,0,0,0,0,0,0,0,0,0,0,0,0,0,0,0,0,True
Other,2/29/2016,0,6.0,3.5,,,,2.5,2.5,3.0,4.0,4.0,4.0,3.0,3.5,1.5,3.8,0,0,0,1,1,0,1,0,0,0,0,0,0,0,1,0,0,0,0,0,0,0,0,0,0,0,0,0,0,0,0,0,0,0,0,0,0,False
Asada,2/29/2016,0,7.0,3.5,,,,2.5,3.0,3.0,4.0,2.0,2.0,3.0,3.5,3.5,3.0,0,0,0,1,1,1,1,0,0,0,0,0,0,0,1,0,0,0,0,0,0,0,0,0,0,0,0,0,0,0,0,0,0,0,0,0,0,False
Other,3/3/2016,0,6.29,3.5,,,,3.5,5.0,4.0,4.0,3.5,4.5,3.5,3.5,4.0,4.0,0,0,0,0,0,0,1,0,0,1,0,0,0,0,0,0,0,0,0,0,0,0,0,0,0,1,1,0,0,0,0,0,0,0,0,0,0,True
Other,3/3/2016,0,6.49,4.5,,,,3.0,5.0,4.0,4.0,5.0,4.0,2.5,4.5,4.0,4.0,0,0,0,1,0,0,0,0,0,0,0,0,0,1,1,0,0,0,0,0,1,0,0,0,0,0,0,1,0,0,0,0,0,0,0,0,0,True
Other,3/3/2016,0,6.49,4.5,,,,3.0,4.5,3.5,3.5,3.5,3.0,3.0,3.0,4.0,3.0,0,0,0,1,0,0,0,0,0,0,0,0,0,1,1,0,0,0,0,0,1,0,0,0,0,0,0,1,0,0,0,0,0,0,0,0,0,False
Asada,3/8/2016,0,6.6,3.5,,,,4.0,2.0,4.0,3.5,4.5,4.0,3.5,4.0,1.0,4.25,0,0,0,1,1,1,0,0,0,0,0,0,0,0,0,0,0,0,0,0,0,0,0,0,0,0,0,0,0,0,0,0,0,0,0,0,0,True
Other,3/8/2016,0,7.65,3.5,,,,3.0,1.5,3.0,3.0,2.5,3.0,3.5,2.5,4.0,3.4,0,0,0,1,1,1,1,1,1,0,0,0,0,0,0,0,0,0,0,0,0,0,0,0,0,0,0,0,0,0,0,0,0,0,0,0,0,False
Other,3/11/2016,0,5.0,3.5,,,,2.0,3.7830423940149633,2.5,2.0,2.0,2.0,2.0,2.5,3.979904306220096,2.0,0,0,0,0,0,0,0,0,0,1,0,0,0,0,1,0,0,0,0,0,0,1,0,0,0,0,0,0,0,0,0,0,0,0,0,0,0,False
Asada,3/11/2016,0,5.0,1.0,,,,2.0,3.7830423940149633,1.0,1.0,0.5,1.0,1.5,1.0,4.0,1.0,0,0,0,1,1,1,0,0,0,0,0,0,0,0,0,0,0,0,0,0,0,0,0,0,0,0,0,0,0,0,0,0,0,0,0,0,0,False
California,3/14/2016,1,6.25,0.5,,,,3.0,5.0,4.0,2.75,4.0,1.6,3.5,3.4,5.0,3.33333,0,0,0,1,1,1,1,1,0,0,0,0,0,0,0,0,0,0,0,0,0,0,0,0,0,0,0,0,0,0,0,0,0,0,0,0,0,False
California,3/14/2016,0,6.25,3.0,,,,3.5,5.0,2.5,2.5,4.0,2.7,3.5,3.0,5.0,2.5,0,0,0,0,1,1,1,1,0,0,1,0,0,0,0,0,0,0,0,0,0,0,0,0,0,0,0,0,0,0,0,0,0,0,0,0,0,False
Other,3/14/2016,0,6.25,3.75,,,,3.0,5.0,5.0,4.5,4.0,4.0,1.5,3.0,5.0,3.0,0,0,0,1,1,0,1,0,0,0,0,0,0,0,1,0,0,0,0,0,0,0,0,0,0,0,0,0,1,0,0,0,0,0,0,0,0,False
Other,3/14/2016,0,9.5,3.0,,,,3.0,3.0,4.0,3.0,3.5,4.5,3.5,3.0,3.5,3.2,0,0,0,0,0,0,0,0,0,0,0,0,0,0,0,0,1,0,0,1,1,0,0,0,0,0,0,0,0,1,0,0,0,0,0,0,0,False
California,3/17/2016,0,7.84,4.0,,,,4.0,4.0,3.5,4.0,4.5,4.0,3.5,3.5,4.5,4.0,0,0,0,1,0,1,1,1,0,0,0,0,0,0,0,0,0,0,0,0,0,0,0,0,0,0,0,0,0,0,0,0,0,0,0,0,0,True
Asada,3/18/2016,0,7.89,1.0,,,,3.0,3.5,4.5,4.0,5.0,5.0,4.5,3.5,5.0,4.2,0,0,0,1,1,1,0,0,0,0,0,0,0,0,0,0,0,0,0,0,0,0,0,0,0,0,0,0,0,0,0,0,0,0,0,0,0,True
Other,3/18/2016,0,6.99,4.0,,,,4.0,3.0,3.5,3.0,4.0,5.0,3.0,3.5,5.0,3.5,0,0,0,0,0,0,0,0,0,1,0,0,0,0,0,0,0,0,0,0,0,0,1,1,0,1,0,0,0,0,0,0,0,0,0,0,0,False
Other,3/19/2016,0,9.5,5.0,,,,3.0,3.0,3.5,3.0,4.0,1.0,3.0,2.5,5.0,3.0,0,1,0,0,1,1,1,0,0,1,0,0,0,1,1,1,0,0,0,0,0,0,0,0,0,0,0,0,0,0,0,0,0,0,0,0,0,False
California,3/20/2016,1,6.99,4.0,,,,4.0,4.5,4.0,3.5,4.0,2.5,2.0,4.0,4.0,4.2,0,0,0,1,0,0,1,1,1,0,0,0,0,0,0,0,0,0,0,0,0,0,0,0,0,0,0,0,0,0,0,0,0,0,0,0,0,True
Other,3/20/2016,0,5.99,3.0,,,,4.0,3.5,3.5,4.0,3.5,3.5,2.0,3.5,0.5,3.9,0,0,0,1,0,0,0,0,0,0,0,0,0,0,0,0,0,1,0,0,0,0,0,1,0,0,0,0,0,0,1,0,0,0,0,0,0,False
Other,3/21/2016,0,6.95,3.5,,,,3.0,4.0,3.5,4.0,4.0,4.0,3.5,4.5,4.5,4.1,0,0,0,1,1,1,1,0,0,0,0,0,0,0,0,0,0,0,0,0,0,0,0,0,0,0,0,0,0,0,0,0,0,0,0,0,0,True
Other,3/21/2016,0,6.95,4.0,,,,3.0,4.5,4.0,3.0,3.0,2.0,4.0,2.0,4.5,3.0,0,0,0,1,0,0,1,0,0,0,0,0,0,0,0,0,0,1,0,0,0,1,0,0,0,0,0,0,0,0,0,1,1,0,0,0,0,False
Asada,3/21/2016,0,6.5,3.5,,,,3.75,5.0,3.0,3.0,4.5,4.5,3.5,3.0,4.5,3.25,0,0,0,1,1,1,0,0,0,0,0,0,0,0,0,0,0,0,0,0,0,0,0,0,0,0,0,0,0,0,0,0,0,0,0,0,0,False
Other,3/21/2016,0,6.95,4.5,,,,2.0,5.0,3.5,4.0,2.5,5.0,3.5,2.5,4.0,3.75,0,0,0,1,1,1,1,0,0,0,1,0,0,0,0,0,0,0,0,0,0,0,0,0,0,0,0,0,0,0,0,0,0,0,0,0,0,False
Surf & Turf,3/21/2016,0,7.65,3.0,,,,2.0,4.0,3.0,3.0,4.0,2.0,4.0,2.0,3.0,3.5,0,0,0,1,0,1,0,0,1,0,0,1,0,1,1,0,0,0,0,0,0,0,0,0,0,0,0,0,0,0,0,0,0,0,0,0,0,False
Other,3/21/2016,0,7.3,3.0,,,,3.0,4.5,3.5,3.0,3.0,2.0,3.5,2.5,4.5,3.5,0,0,0,0,0,0,0,0,0,0,0,0,0,0,0,0,0,0,0,0,0,0,0,0,0,0,0,0,0,0,0,0,0,0,0,0,0,False
California,3/23/2016,0,8.59,2.5,,,,4.0,4.5,3.5,5.0,2.5,2.0,4.0,4.5,4.0,4.3,0,0,0,1,1,1,1,1,1,0,0,0,0,0,0,0,0,0,0,0,0,0,0,0,0,0,0,0,0,0,0,0,0,0,0,0,0,True
California,3/23/2016,0,8.59,3.5,,,,4.5,4.5,4.0,4.5,4.0,4.0,4.0,4.5,5.0,4.5,0,0,0,1,1,1,1,1,1,0,0,0,0,0,0,0,0,0,0,0,0,0,0,0,0,0,0,0,0,0,0,0,0,0,0,0,0,True
Other,3/30/2016,0,7.99,3.5,,,,4.0,4.0,2.0,3.0,1.5,3.0,2.5,1.0,3.0,2.5,0,0,0,1,1,1,0,0,0,0,0,0,0,0,1,0,0,0,0,0,0,0,0,0,0,0,0,0,0,0,0,1,0,0,0,0,0,False
California,3/30/2016,0,9.99,3.0,,,,4.0,4.5,3.5,4.0,3.0,2.0,2.5,3.5,4.0,4.0,0,0,0,1,1,1,1,1,0,0,0,0,0,0,0,0,0,0,0,0,0,0,0,0,0,0,0,0,0,0,0,0,0,0,0,0,0,True
Other,4/2/2016,1,8.25,3.5,,,,4.0,4.5,3.5,2.5,4.5,4.5,4.0,3.5,5.0,4.0,0,0,0,1,0,0,0,0,0,0,0,0,0,0,0,0,0,0,0,0,0,0,0,0,0,0,0,0,1,0,0,0,0,0,0,0,0,True
Other,4/2/2016,0,7.95,2.5,,,,2.5,2.5,4.0,3.5,3.0,2.5,3.0,3.0,5.0,3.3,0,0,0,0,0,1,0,0,0,0,1,0,0,0,0,0,0,0,0,0,1,0,0,0,0,0,0,0,1,0,0,0,0,0,0,0,0,False
Other,4/2/2016,0,7.95,2.0,,,,4.0,5.0,4.0,4.0,3.0,5.0,3.0,3.0,5.0,4.0,0,0,0,0,0,1,0,0,0,0,1,0,0,0,0,0,0,0,0,0,1,0,0,0,0,0,0,0,1,0,0,0,0,0,0,0,0,True
California,4/2/2016,0,8.75,3.0,,,,4.0,5.0,3.0,5.0,3.0,2.0,4.0,3.0,5.0,4.0,0,0,0,1,0,1,1,1,1,0,0,0,0,0,0,0,0,0,0,0,0,0,0,0,0,0,0,0,0,0,0,0,0,0,0,0,0,True
California,4/3/2016,0,6.6,3.0,,,,3.0,4.5,4.0,4.5,4.0,4.5,4.5,5.0,4.5,4.5,0,0,0,1,0,0,1,1,0,0,0,0,0,0,0,0,0,0,0,0,1,0,0,0,0,0,0,0,0,0,0,0,0,0,0,0,0,True
Other,4/3/2016,0,6.6,3.0,,,,4.0,5.0,5.0,5.0,5.0,4.0,3.371969696969697,4.5,5.0,4.5,0,0,0,0,0,1,0,0,0,1,0,0,0,0,0,0,0,0,0,0,0,0,0,0,0,0,0,0,0,0,0,0,0,0,0,0,0,True
California,4/7/2016,0,6.6,3.0,,,,3.0,5.0,3.5,3.0,4.5,2.5,3.0,4.0,4.0,3.6,0,0,0,1,0,0,1,1,0,0,0,0,0,0,0,0,0,0,0,0,1,0,0,0,0,0,0,0,0,0,0,0,0,0,0,0,0,False
Surf & Turf,4/7/2016,0,7.45,3.5,,,,3.0,5.0,3.5,2.5,3.0,2.5,3.75,3.0,4.0,3.0,0,0,0,1,0,0,1,0,0,0,0,1,0,1,0,0,0,0,0,0,0,0,0,0,0,0,0,0,0,0,0,0,0,0,0,0,0,False
Other,4/9/2016,0,6.6,3.5,,,,3.5,3.0,4.0,4.5,3.0,1.0,3.0,4.0,0.5,2.8,0,0,0,0,1,1,0,0,0,0,1,0,0,0,0,0,0,0,0,0,0,0,0,0,0,0,0,0,0,0,0,0,0,0,0,0,0,False
Carnitas,4/9/2016,0,6.6,3.0,,,,3.0,2.5,3.0,4.0,2.0,1.0,3.0,3.0,5.0,3.0,0,0,0,0,1,1,0,0,0,1,0,0,0,0,0,0,0,0,0,0,0,0,0,0,0,0,0,0,0,0,0,0,0,0,0,0,0,False
Asada,4/14/2016,0,7.89,3.5,,,,3.0,2.0,4.5,4.0,4.0,1.5,4.5,4.5,4.5,4.4,1,0,0,1,1,1,0,0,0,0,0,0,0,0,0,0,0,0,0,0,0,0,0,0,0,0,0,0,0,0,0,0,0,0,0,0,0,True
Asada,4/14/2016,0,7.89,2.0,,,,3.0,2.5,4.5,3.5,4.5,3.0,4.0,3.5,5.0,3.5,1,0,0,1,1,1,0,0,0,0,0,0,0,0,0,0,0,0,0,0,0,0,0,0,0,0,0,0,0,0,0,0,0,0,0,0,0,False
California,4/15/2016,1,6.25,4.0,,,,4.5,4.5,2.5,3.5,3.5,3.5,3.0,4.0,5.0,4.1,1,0,0,1,1,1,1,1,1,0,0,0,0,0,0,0,0,0,0,0,0,0,0,0,0,0,0,0,0,0,0,0,0,0,0,0,0,True
California,4/15/2016,0,6.25,3.5,,,,4.0,4.0,4.0,2.5,3.0,3.5,4.0,4.0,5.0,4.0,0,0,0,1,1,1,1,1,1,0,0,0,0,0,0,0,0,0,0,0,0,0,0,0,0,0,0,0,0,0,0,0,0,0,0,0,0,True
California,4/15/2016,0,6.25,4.0,,,,4.0,4.5,4.5,5.0,5.0,5.0,4.5,5.0,5.0,4.6,1,0,0,1,1,1,1,1,1,0,0,0,0,0,0,0,0,0,0,0,0,0,0,0,0,0,0,0,0,0,0,0,0,0,0,0,0,True
Carnitas,4/15/2016,0,6.5,5.0,,,,4.5,5.0,5.0,5.0,5.0,4.0,4.0,5.0,5.0,4.7,1,1,0,0,1,0,1,0,1,1,0,0,0,1,0,0,0,0,0,0,0,0,0,0,0,0,0,1,0,0,0,0,0,0,0,0,0,True
California,4/15/2016,0,6.25,2.0,,,,5.0,5.0,5.0,4.0,4.0,2.0,3.371969696969697,5.0,5.0,5.0,1,1,0,1,0,0,1,1,0,0,0,0,0,0,0,0,0,0,0,0,0,0,0,0,0,0,0,0,0,0,0,0,0,0,0,0,0,True
Other,4/15/2016,0,6.5,2.5,,,,3.0,3.7830423940149633,3.5,4.0,4.0,3.0,3.371969696969697,4.0,1.5,3.5,0,0,0,0,0,0,0,0,0,0,0,0,0,0,0,0,0,0,0,0,0,0,0,0,0,0,0,0,0,0,0,0,0,0,0,0,0,False
California,4/15/2016,0,6.65,3.5,,,,3.5,3.7830423940149633,3.5,3.5,4.5,3.5,3.5,4.0,4.0,4.0,0,0,0,0,0,0,0,0,0,0,0,0,0,0,0,0,0,0,0,0,0,0,0,0,0,0,0,0,0,0,0,0,0,0,0,0,0,True
California,4/24/2016,0,5.95,3.5,20.0,22.0,0.77,2.5,2.5,3.5,4.0,3.0,4.5,4.0,4.5,4.5,3.8,1,0,0,1,0,0,1,1,1,0,0,0,0,0,0,0,0,0,0,0,0,0,0,0,0,0,0,0,0,0,0,0,0,0,0,0,0,False
Other,4/24/2016,0,5.5,3.0,,,,2.0,4.0,3.0,3.0,3.0,4.0,3.5,3.5,3.979904306220096,3.0,0,0,0,1,1,1,1,0,1,0,0,0,0,1,1,0,0,0,0,0,1,0,0,0,0,0,0,0,0,0,0,0,0,0,0,0,0,False
California,4/24/2016,0,9.0,2.0,19.0,21.5,0.7,2.0,3.5,3.0,1.5,1.0,1.0,2.5,1.5,3.5,1.5,0,0,0,1,1,0,1,1,0,0,0,0,0,0,0,0,0,0,0,0,0,0,0,0,0,0,0,0,0,0,0,0,0,0,0,0,0,False
Other,4/24/2016,0,9.0,2.0,18.5,23.0,0.78,2.5,2.5,1.5,2.5,1.0,2.0,2.5,2.0,5.0,1.8,0,0,0,0,0,1,0,0,0,1,0,0,0,0,0,0,0,0,0,0,0,0,1,1,0,0,0,0,0,0,0,0,0,0,0,0,0,False
California,4/25/2026,0,8.0,4.0,21.59,,,4.5,5.0,5.0,5.0,4.5,5.0,3.0,5.0,5.0,4.9,1,0,0,1,1,1,1,1,0,0,0,0,0,0,0,0,0,0,0,0,0,0,0,0,0,0,0,0,0,0,0,0,0,0,0,0,0,True
California,4/27/2016,1,6.89,3.0,25.0,22.0,0.96,3.0,2.5,3.0,2.5,2.5,2.0,3.5,3.0,4.0,3.0,0,0,0,1,0,1,1,1,1,0,0,0,0,0,0,0,0,0,0,0,0,0,0,0,0,0,0,0,0,0,0,0,0,0,0,0,0,False
Other,4/27/2016,0,6.39,3.0,23.0,22.5,0.93,4.0,3.0,2.5,3.5,3.0,3.0,3.5,4.0,3.5,3.5,1,0,0,1,0,1,1,0,1,0,0,0,0,0,0,0,0,0,0,0,0,0,0,0,0,1,0,0,0,0,0,0,0,0,0,0,0,False
California,5/4/2016,1,6.75,3.0,22.5,23.0,0.95,4.5,4.0,3.0,4.0,1.0,3.0,4.5,3.5,4.5,3.5,1,0,0,1,0,1,1,1,1,0,0,0,0,0,0,0,0,0,0,0,0,0,0,0,0,0,0,0,0,0,0,0,0,0,0,0,0,False
Other,5/4/2016,0,5.99,2.0,21.0,22.0,0.81,4.0,2.0,2.5,4.0,4.0,3.0,3.5,4.0,5.0,3.2,0,0,0,0,0,1,0,0,0,1,0,0,0,0,0,0,0,0,0,0,0,0,1,1,0,0,0,0,0,0,0,0,0,0,0,0,0,False
California,5/6/2016,0,7.49,3.5,19.0,22.0,0.73,3.5,4.0,4.0,4.0,3.5,3.0,4.0,4.5,3.0,4.2,1,0,0,1,1,1,1,1,1,0,0,0,0,0,0,0,0,0,0,0,0,0,0,0,0,0,0,0,0,0,0,0,0,0,0,0,0,True
California,5/6/2016,0,7.49,4.0,16.5,25.0,0.82,4.0,3.5,4.0,4.0,4.5,5.0,4.5,5.0,4.5,4.5,1,0,0,1,1,1,1,1,1,0,0,0,0,0,0,0,0,0,0,0,0,0,0,0,0,0,0,0,0,0,0,0,0,0,0,0,0,True
California,5/6/2016,0,7.49,4.0,17.0,25.5,0.88,3.0,3.0,4.0,3.5,3.5,4.0,3.5,4.0,2.5,3.7,1,0,0,1,1,1,1,1,1,0,0,0,0,0,0,0,0,0,0,0,0,0,0,0,0,0,0,0,0,0,0,0,0,0,0,0,0,False
California,5/6/2016,0,7.49,3.0,17.7,21.5,0.65,4.0,2.0,5.0,5.0,1.0,3.0,5.0,4.0,3.0,4.0,1,0,0,1,1,1,1,1,1,0,0,0,0,0,0,0,0,0,0,0,0,0,0,0,0,0,0,0,0,0,0,0,0,0,0,0,0,True
California,5/6/2016,0,7.49,1.0,20.0,23.5,0.88,4.0,3.0,4.0,4.5,5.0,4.5,3.0,4.5,4.0,4.0,1,0,0,1,1,1,1,1,1,0,0,0,0,0,0,0,0,0,0,0,0,0,0,0,0,0,0,0,0,0,0,0,0,0,0,0,0,True
Asada,5/6/2016,0,7.89,4.0,18.0,25.0,0.9,4.0,2.0,4.0,3.0,4.0,4.0,4.0,3.5,4.0,3.5,1,0,0,1,1,1,0,0,0,0,0,0,0,0,0,0,0,0,0,0,0,0,0,0,0,0,0,0,0,0,0,0,0,0,0,0,0,False
Other,5/6/2016,0,8.95,5.0,17.0,22.0,0.65,4.0,4.0,5.0,5.0,5.0,4.0,5.0,5.0,5.0,5.0,1,1,0,0,0,0,0,0,0,0,0,0,0,0,0,0,0,0,0,0,0,0,0,0,0,0,0,0,0,0,0,0,0,0,0,0,0,True
California,5/9/2016,0,6.95,4.0,21.0,23.0,0.88,3.0,3.5,2.0,3.5,3.0,2.5,2.5,2.5,2.0,2.9,0,0,0,0,0,0,0,0,0,0,0,0,0,0,0,0,0,0,0,0,0,0,0,0,0,0,0,0,0,0,0,0,0,0,0,0,0,False
California,5/12/2016,0,7.0,3.5,17.5,24.5,0.84,3.0,5.0,3.0,3.5,3.0,1.5,3.0,3.0,4.0,3.3,0,0,0,1,0,0,1,1,1,0,0,0,0,0,0,0,0,0,0,0,0,0,0,0,0,0,0,0,0,0,0,0,0,0,0,0,0,False
Other,5/12/2016,0,8.75,3.0,19.0,21.5,0.7,3.0,4.0,2.7,4.7,3.0,2.4,2.0,3.7,4.5,3.7,1,0,0,1,0,1,1,0,0,0,0,0,0,0,0,0,0,0,0,0,0,0,0,0,1,0,0,0,0,0,0,0,0,0,0,0,0,False
Other,5/12/2016,0,8.75,4.0,17.78,22.22,0.7,4.5,3.8,3.8,4.5,3.4,1.5,3.0,3.8,4.0,3.8,1,0,0,1,0,1,1,0,0,0,0,0,0,0,0,0,0,0,0,0,0,0,0,0,1,0,0,0,0,0,0,0,0,0,0,0,0,False
Other,5/13/2016,0,6.65,4.0,21.5,23.0,0.91,3.0,4.5,2.5,2.0,3.5,5.0,1.5,2.0,1.5,2.5,0,0,0,1,1,0,1,1,0,0,0,0,0,0,0,0,0,0,0,0,0,0,0,0,0,0,0,0,0,0,0,0,0,0,0,0,0,False
Asada,5/13/2016,0,6.6,4.0,22.0,22.0,0.85,4.0,3.5,4.0,4.0,3.5,4.0,4.0,4.5,4.5,4.0,1,0,0,1,1,1,0,0,0,0,0,0,0,0,0,0,0,0,0,0,0,0,0,0,0,0,0,0,0,0,0,0,0,0,0,0,0,True
Asada,5/13/2016,0,6.6,4.5,23.0,22.0,0.89,4.0,3.0,3.0,3.0,3.5,3.0,3.371969696969697,3.5,4.5,3.0,1,0,0,1,1,1,0,0,0,0,0,0,0,0,0,0,0,0,0,0,0,0,0,0,0,0,0,0,0,0,0,0,0,0,0,0,0,False
Carnitas,5/13/2016,0,7.5,4.0,23.5,22.5,0.95,4.0,5.0,4.0,5.0,5.0,4.0,5.0,4.0,4.0,4.0,1,0,0,0,1,1,0,0,0,1,0,0,0,0,0,0,0,0,0,0,0,0,0,0,0,0,0,0,0,0,0,0,0,0,0,0,0,True
Other,5/13/2016,0,6.25,3.5,22.0,22.0,0.85,4.0,3.5,4.0,4.0,5.0,5.0,3.371969696969697,5.0,4.5,4.2,1,0,0,0,0,0,1,1,0,0,0,0,0,0,0,0,0,0,0,0,0,0,0,0,0,0,0,0,0,0,1,0,1,0,0,0,0,True
Other,5/13/2016,0,6.6,5.0,23.0,24.0,1.05,5.0,4.0,3.62039312039312,5.0,5.0,4.0,3.371969696969697,5.0,3.0,4.5,1,1,0,0,0,0,1,0,1,0,0,0,0,0,0,1,0,0,0,0,1,0,0,0,0,0,0,1,0,0,0,0,0,0,0,0,0,True
Other,5/13/2016,0,6.0,2.0,23.0,23.5,1.01,5.0,4.5,5.0,5.0,5.0,5.0,3.371969696969697,5.0,4.0,5.0,1,1,0,0,0,0,0,0,0,0,0,0,1,0,0,1,1,0,0,0,0,0,1,1,0,0,0,0,0,0,0,0,0,0,0,0,0,True
Other,5/15/2016,0,7.99,3.0,25.5,23.0,1.07,4.0,4.0,4.0,3.5,2.5,3.5,4.0,3.5,2.5,3.7,1,0,0,1,0,1,1,1,1,0,0,0,0,0,0,0,0,0,0,0,0,0,0,0,1,0,0,0,0,0,0,0,0,0,0,0,0,False
California,5/15/2016,0,6.99,2.5,21.5,22.12,0.84,3.5,4.0,3.5,3.5,3.0,1.0,4.0,4.0,4.5,3.8,1,0,0,1,0,0,1,1,1,0,0,0,0,0,0,0,0,0,0,0,0,0,0,0,0,0,0,0,0,0,0,0,0,0,0,0,0,False
California,5/18/2016,0,5.55,3.5,17.5,23.0,0.74,4.0,4.5,3.0,3.0,5.0,3.0,4.0,3.0,5.0,3.5,1,0,0,1,0,0,1,1,1,0,0,0,0,0,0,0,0,0,0,0,0,0,0,0,0,0,0,0,0,0,0,0,0,0,0,0,0,False
Other,5/18/2016,0,5.55,2.5,20.5,22.5,0.83,4.5,4.0,3.5,4.0,3.5,4.0,3.0,4.0,5.0,3.9,1,0,0,1,1,1,0,1,0,0,0,0,0,0,0,0,0,0,0,0,0,0,0,0,0,0,0,0,0,0,0,0,0,0,0,0,0,False
Other,5/20/2016,0,7.25,3.5,18.5,22.5,0.75,1.5,1.0,2.0,2.0,2.0,2.0,2.0,2.0,1.0,1.8,0,0,0,1,1,1,1,0,0,0,0,0,0,1,1,0,0,0,0,0,0,1,0,0,0,0,0,0,0,0,0,0,0,0,0,0,0,False
California,5/22/2016,0,6.5,5.0,,,,3.0,3.7830423940149633,4.0,5.0,4.0,4.0,3.371969696969697,5.0,5.0,5.0,1,1,0,0,0,0,0,0,0,0,0,0,0,0,0,0,0,0,0,0,0,0,0,0,0,0,0,0,0,0,0,0,0,0,0,0,0,True
Other,5/16/2016,1,11.75,4.0,,,,3.0,3.7830423940149633,4.0,5.0,4.0,4.0,5.0,4.0,3.0,4.0,1,1,0,1,0,0,0,1,0,0,0,0,0,0,0,0,0,0,0,0,1,0,0,0,0,0,0,0,0,0,0,0,0,0,0,0,0,True
Other,5/20/2016,0,6.5,4.0,,,,3.0,3.7830423940149633,4.0,4.0,5.0,4.0,4.0,5.0,4.0,5.0,1,1,0,0,0,0,0,0,0,0,0,0,1,0,0,0,0,0,0,1,1,0,0,0,0,0,0,0,0,0,0,0,0,0,0,0,0,True
California,5/16/2016,0,6.5,5.0,,,,4.0,3.7830423940149633,4.0,4.0,5.0,4.0,4.0,4.0,5.0,4.0,1,1,0,1,1,1,1,1,1,0,0,0,0,0,0,0,0,0,0,0,0,0,0,0,0,0,0,0,0,0,0,0,0,0,0,0,0,True
Other,5/16/2011,0,8.0,4.0,,,,3.0,3.7830423940149633,2.0,3.0,2.0,3.0,2.0,3.0,2.0,2.0,0,1,0,1,1,1,0,0,1,0,0,0,0,0,0,1,0,0,0,0,0,0,0,0,0,0,0,0,0,0,0,0,0,0,0,0,0,False
Other,5/20/2016,0,8.0,3.0,,,,3.0,3.7830423940149633,1.0,2.0,2.0,2.0,2.0,2.0,1.0,2.0,0,1,0,0,0,0,1,0,1,0,1,0,0,0,1,1,0,0,0,0,0,1,0,0,0,0,0,0,0,0,0,0,0,0,0,0,0,False
Other,5/22/2016,0,7.0,3.5,,,,3.0,3.7830423940149633,5.0,3.0,3.0,4.0,4.0,4.0,4.0,4.0,1,1,0,0,0,0,0,0,0,0,0,0,0,0,0,0,0,0,0,0,0,0,0,0,0,0,0,0,0,0,0,0,0,0,0,0,0,True
Other,4/20/2015,0,7.067342995169067,4.0,,,,5.0,3.7830423940149633,5.0,5.0,5.0,4.0,5.0,5.0,5.0,4.8,1,1,0,0,0,0,0,0,0,0,0,0,0,0,0,0,0,0,0,0,0,0,0,0,0,0,0,0,0,0,0,0,0,0,0,0,0,True
California,5/23/2016,0,7.14,3.5,20.0,23.0,0.84,4.0,2.0,4.0,5.0,4.0,2.0,4.0,4.5,5.0,4.4,1,0,0,1,0,1,1,1,1,0,0,0,0,1,0,0,0,0,0,0,0,0,0,0,0,0,0,0,0,0,0,0,0,0,0,0,0,True
California,5/23/2016,0,7.14,5.0,20.5,24.0,0.94,4.0,2.0,4.5,4.0,3.5,2.0,3.0,4.0,4.0,4.1,1,0,0,1,0,1,1,1,1,0,0,0,0,1,0,0,0,0,0,0,0,0,0,0,0,0,0,0,0,0,0,0,0,0,0,0,0,True
Asada,5/23/2016,0,6.02,3.2,19.5,20.5,0.65,4.5,2.0,3.3,3.4,4.5,4.5,3.8,3.7,5.0,3.7,1,0,0,1,0,1,0,0,0,0,0,0,0,0,0,0,0,0,0,0,0,0,0,0,0,0,0,0,0,0,0,0,0,0,0,0,0,False
Asada,5/24/2016,0,6.5,2.0,18.5,21.5,0.68,1.5,4.0,2.0,2.0,4.5,1.0,1.0,2.0,5.0,1.5,0,0,0,0,1,1,0,0,0,0,1,0,0,0,0,0,0,0,0,0,0,0,0,0,0,0,0,0,0,0,0,0,0,0,0,0,0,False
Carnitas,5/24/2016,0,5.4,3.0,18.0,20.0,0.57,2.0,3.5,4.0,2.5,3.5,1.5,1.5,3.0,5.0,2.7,0,0,0,0,1,1,0,0,0,1,0,0,0,0,0,0,0,0,0,0,0,0,0,0,0,0,0,0,0,0,0,0,0,0,0,0,0,False
California,5/26/2016,1,5.99,4.0,20.5,23.5,0.9,4.5,5.0,3.0,4.0,2.0,2.0,2.0,3.75,4.0,3.2,1,0,0,1,1,1,1,1,1,0,0,0,0,0,0,0,0,0,0,0,0,0,0,0,0,0,0,0,0,0,0,0,0,0,0,0,0,False
Other,5/26/2016,0,5.5,3.0,20.75,23.5,0.91,3.5,4.0,3.5,3.0,3.5,3.5,2.5,3.0,2.5,3.0,1,0,0,1,1,1,0,0,0,0,0,0,0,0,0,0,0,0,0,0,0,0,0,0,0,1,0,0,0,0,0,0,0,0,0,0,0,False
Asada,5/27/2016,0,6.25,4.0,15.0,20.5,0.5,1.5,2.5,3.0,4.5,4.0,2.0,2.75,3.75,3.0,2.6,0,0,0,1,1,1,0,0,0,0,0,0,0,0,0,0,0,0,0,0,0,0,0,0,0,0,0,0,0,0,0,0,0,0,0,0,0,False
Other,5/27/2016,0,8.95,3.5,18.5,25.0,0.92,3.0,3.0,4.0,4.0,3.5,3.5,2.5,4.0,0.5,3.0,1,0,0,0,1,0,0,0,0,0,0,1,0,0,0,1,0,0,0,0,1,0,0,0,0,0,0,0,0,0,0,0,0,0,0,0,0,False
Other,5/27/2016,0,3.5,1.0,16.0,20.0,0.51,3.5,4.5,3.62039312039312,3.0,3.5864805825242727,4.0,3.0,2.5,4.0,2.7,0,0,0,0,0,0,1,0,0,0,0,0,0,0,1,0,0,0,0,0,0,0,0,0,0,0,0,0,0,0,0,0,0,0,0,0,0,False
Other,5/29/2016,1,11.95,4.0,18.0,23.5,,3.5,4.0,4.0,4.5,2.5,2.5,3.0,4.0,2.0,4.2,1,1,0,0,0,0,0,0,0,0,0,0,0,0,0,0,0,0,0,0,0,0,0,0,0,0,0,0,0,0,0,0,0,1,0,0,0,True
Other,5/29/2016,0,11.95,3.0,20.0,22.75,0.82,3.0,4.0,4.0,4.0,3.0,2.5,4.5,4.0,1.5,4.0,1,1,0,0,0,0,0,0,0,0,0,0,0,0,0,0,0,0,0,0,0,0,0,0,0,0,0,0,0,0,0,0,0,1,0,0,0,True
California,5/29/2016,0,7.5,4.0,,,,3.0,5.0,3.5,3.5,4.0,4.0,2.5,3.0,5.0,3.5,1,0,0,0,1,0,1,1,0,0,1,0,0,0,0,0,1,0,0,0,0,0,0,0,0,0,0,0,0,0,0,0,0,0,0,0,0,False
Other,6/1/2016,1,4.87,2.0,19.0,23.5,0.83,3.0,4.0,1.5,2.0,3.0,5.0,3.0,2.5,5.0,2.6,0,0,0,1,0,1,1,0,0,0,0,0,0,1,1,1,1,0,0,0,0,0,0,0,0,0,0,0,0,0,0,0,0,0,0,0,0,False
Other,6/1/2016,0,4.87,2.5,19.5,20.5,0.65,3.5,3.0,2.5,2.4,3.5,4.5,3.0,3.0,1.5,2.6,0,0,0,0,0,0,0,0,0,0,0,0,0,0,0,0,0,0,0,0,0,0,0,0,0,0,0,0,0,0,0,0,0,0,0,0,0,False
Asada,5/21/2016,0,6.25,4.5,,,,3.5,3.0,2.0,2.0,2.5,3.0,2.0,1.5,1.0,2.0,0,1,0,0,0,0,0,0,0,0,0,0,0,0,0,0,0,0,0,0,0,0,0,0,0,0,0,0,0,0,0,0,0,0,0,0,0,False
Other,6/20/2016,0,5.25,4.0,,,,4.0,5.0,3.62039312039312,5.0,4.0,4.0,5.0,5.0,5.0,4.8,1,1,0,0,0,0,0,0,0,0,0,0,0,0,0,0,0,0,0,0,0,0,0,0,0,0,0,0,0,0,0,0,0,0,0,0,0,True
Other,5/31/2016,1,8.25,4.0,,,,5.0,5.0,5.0,5.0,5.0,5.0,3.371969696969697,5.0,4.5,4.9,1,1,0,0,0,0,0,0,0,0,0,0,0,0,0,0,0,0,0,0,0,0,0,0,0,0,0,0,0,0,0,0,0,0,0,0,0,True
Asada,5/5/2016,0,4.59,4.0,17.0,21.0,0.6,4.0,4.0,5.0,5.0,5.0,5.0,5.0,5.0,4.0,4.8,1,1,0,0,0,0,0,0,0,0,0,0,0,0,0,0,0,0,0,0,0,0,0,0,0,0,0,0,0,0,0,0,0,0,0,0,0,True
Other,5/20/2016,0,2.99,3.0,,,,4.5,3.5,3.62039312039312,4.5,3.5864805825242727,3.5,3.0,4.0,4.0,4.5,1,1,0,0,0,0,0,0,0,0,0,0,0,0,0,0,0,0,0,0,0,0,0,0,0,0,0,0,0,0,0,0,0,0,0,0,0,True
Surf & Turf,5/19/2016,0,7.0,2.5,,,,5.0,5.0,5.0,5.0,5.0,5.0,5.0,5.0,5.0,5.0,1,1,0,0,0,0,0,0,0,0,0,0,0,0,0,0,0,0,0,0,0,0,0,0,0,0,0,0,0,0,0,0,0,0,0,0,0,True
Other,5/19/2016,0,7.067342995169067,4.3,,,,3.8,4.0,3.62039312039312,4.7,3.5864805825242727,5.0,3.371969696969697,4.7,5.0,4.8,1,1,0,0,0,0,0,0,0,0,0,0,0,0,0,0,0,0,0,0,0,0,0,0,0,0,0,0,0,0,0,0,0,0,0,0,0,True
California,5/27/2016,0,6.0,5.0,,,,4.0,5.0,5.0,5.0,5.0,4.0,5.0,5.0,5.0,5.0,1,1,0,0,0,0,0,0,0,0,0,0,0,0,0,0,0,0,0,0,0,0,0,0,0,0,0,0,0,0,0,0,0,0,0,0,0,True
Surf & Turf,5/28/2016,0,9.43,3.4953349282296653,,,,4.0,5.0,5.0,5.0,5.0,5.0,5.0,5.0,5.0,5.0,1,1,0,0,0,0,0,0,0,0,0,0,0,0,0,0,0,0,0,0,0,0,0,0,0,0,0,0,0,0,0,0,0,0,0,0,0,True
California,6/3/2016,0,9.25,3.5,25.5,24.0,1.17,2.0,1.0,3.0,3.0,1.0,3.428997613365155,3.0,2.0,4.0,2.3,0,0,0,1,1,1,1,1,1,0,0,0,0,0,0,0,0,0,0,0,0,0,0,0,0,0,0,0,0,0,0,0,0,0,0,0,0,False
California,6/3/2016,0,7.0,3.0,20.0,22.0,0.77,4.5,4.0,3.5,4.0,1.0,1.0,2.0,2.0,4.0,2.5,0,0,0,1,1,1,1,1,0,0,0,0,0,0,0,0,0,0,0,0,0,0,0,0,0,0,0,0,0,0,0,0,0,0,0,0,0,False
California,6/3/2016,0,6.25,2.5,18.5,22.5,0.75,3.0,4.0,3.0,2.0,1.5,1.0,3.0,1.5,3.0,2.0,0,0,0,1,0,0,1,1,1,0,0,0,0,0,0,0,0,0,0,0,0,0,0,0,0,0,0,0,0,0,1,0,0,0,0,0,0,False
Other,6/3/2016,0,6.0,4.0,,,,3.0,3.0,1.0,4.0,2.0,2.0,3.0,2.0,1.0,2.0,0,0,0,0,1,1,0,0,0,1,0,0,0,0,1,0,0,0,0,0,0,0,0,0,0,0,0,0,0,0,0,0,0,0,0,0,0,False
Other,6/3/2016,0,6.0,3.0,,,,4.0,3.5,4.0,4.0,2.0,4.0,4.0,4.0,3.0,3.8,1,0,0,0,1,1,0,0,0,1,0,0,0,0,1,0,0,0,0,0,0,0,0,0,0,0,0,0,0,0,0,0,0,0,0,0,0,False
Carnitas,6/3/2016,0,6.35,4.5,18.0,20.5,0.6,4.0,4.0,2.5,2.0,3.0,2.0,2.0,2.0,3.0,2.0,0,0,0,0,0,1,0,0,0,1,0,0,0,0,0,0,0,0,0,0,0,0,0,0,0,0,0,0,0,0,0,0,0,0,0,0,0,False
Other,6/5/2016,0,7.9,3.5,20.5,21.5,0.75,3.5,4.5,4.5,4.0,1.5,1.5,3.0,4.0,5.0,3.5,1,0,0,0,1,0,1,1,0,1,0,0,0,0,0,0,0,0,0,0,0,0,0,0,0,1,0,0,0,0,0,0,0,0,0,0,0,False
Other,6/5/2016,0,8.5,3.5,18.5,21.0,0.65,4.0,4.0,4.0,3.5,4.0,4.0,4.0,4.5,4.5,4.2,1,0,0,1,0,1,1,0,0,1,0,0,0,0,0,0,0,0,0,0,0,0,1,1,0,0,0,0,0,0,0,0,0,0,0,0,0,True
Other,6/6/2016,0,6.99,3.5,18.5,21.0,0.65,4.0,3.5,4.0,3.5,4.0,5.0,2.5,4.0,4.5,3.9,1,0,0,0,0,0,0,0,0,1,0,0,0,0,0,0,0,0,0,0,1,0,1,1,0,1,0,0,0,0,0,0,0,0,0,0,0,False
Other,6/6/2016,0,6.99,5.0,,,,4.0,4.0,4.0,4.0,2.0,3.0,3.0,4.0,3.0,3.5,1,0,0,0,0,0,0,0,0,1,0,0,0,0,0,0,0,0,0,0,1,0,1,1,0,1,0,0,0,0,0,0,0,0,0,0,0,False
California,6/8/2016,0,5.7,3.5,20.5,21.5,0.75,3.5,3.0,3.0,4.0,1.5,4.0,4.0,4.0,4.0,3.7,1,0,0,1,1,1,1,1,1,0,0,0,0,0,0,0,0,0,0,0,0,0,0,0,0,0,0,0,0,0,0,0,0,0,0,0,0,False
Asada,6/8/2016,0,5.25,4.0,21.0,21.0,0.74,3.5,3.0,2.8,3.5,4.0,4.0,4.0,3.5,5.0,3.2,1,0,0,1,1,1,0,0,0,0,0,0,0,0,0,0,0,0,0,0,0,0,0,0,0,0,0,0,0,0,0,0,0,0,0,0,0,False
Surf & Turf,6/9/2016,0,9.19,2.8,20.5,23.5,0.9,3.5,4.5,4.0,3.5,5.0,4.5,3.0,3.5,5.0,4.0,1,0,0,1,0,1,1,1,0,0,0,1,0,0,0,0,0,0,0,0,1,0,0,0,0,0,0,0,0,0,0,0,0,0,0,0,0,True
Asada,6/11/2016,1,7.85,3.0,16.5,20.5,0.55,3.0,4.5,4.5,3.5,3.5,3.5,1.0,4.0,1.0,3.5,1,0,1,1,1,1,0,0,0,0,0,0,0,1,1,0,0,0,0,0,0,0,0,0,0,0,0,0,0,0,0,0,0,0,0,0,0,False
Other,6/11/2016,0,6.85,4.0,15.5,21.0,0.54,3.0,5.0,4.0,3.0,5.0,4.0,3.0,4.0,3.0,4.0,1,0,1,0,1,0,0,0,0,1,0,0,0,1,1,0,0,0,0,0,0,0,0,0,0,0,0,0,0,0,0,0,0,0,0,0,0,True
Asada,6/11/2016,0,6.85,4.0,18.0,,,4.0,5.0,3.5,3.0,4.0,4.0,3.0,3.0,3.0,3.5,0,0,1,1,1,0,0,0,0,0,0,0,0,1,1,0,0,0,0,0,0,0,0,0,0,0,0,0,0,0,0,0,0,0,0,0,0,False
California,6/16/2016,0,6.94,4.0,,,,4.0,4.0,4.0,4.5,3.2,3.0,4.5,4.5,2.0,4.5,1,0,0,1,0,1,1,1,1,0,0,0,0,0,0,0,0,0,0,0,0,0,0,0,0,0,0,0,0,0,0,0,0,0,0,0,0,True
Other,6/16/2016,0,6.94,3.75,,,,3.5,3.5,3.5,3.5,4.0,4.0,4.5,3.5,4.5,3.8,1,0,0,1,0,1,1,0,1,0,0,0,0,0,0,0,0,0,0,0,0,1,0,0,0,0,0,0,0,0,0,0,0,0,0,0,0,False
California,6/23/2016,0,7.0,2.2,18.0,25.0,0.9,2.8,3.0,3.0,2.0,2.0,4.5,2.0,1.5,4.5,2.3,0,0,0,1,0,0,1,1,1,0,0,0,0,0,0,0,0,0,0,0,0,0,0,0,0,0,0,0,0,0,0,0,0,0,0,0,0,False
California,6/23/2016,0,7.0,3.5,18.0,23.5,,4.0,4.0,4.0,3.0,4.0,5.0,4.0,4.0,5.0,4.0,1,0,0,1,0,0,1,1,1,0,0,0,0,0,0,0,0,0,0,0,0,0,0,0,0,0,0,0,0,0,0,0,0,0,0,0,0,True
California,6/23/2016,0,7.0,3.0,19.0,24.0,0.87,3.5,2.0,3.0,4.0,2.0,4.0,3.0,3.0,4.0,3.0,0,0,0,1,0,1,1,1,1,0,0,0,0,0,0,0,0,0,0,0,0,0,0,0,0,0,0,0,0,0,0,0,0,0,0,0,0,False
Other,6/23/2016,0,8.25,4.0,,,,4.0,3.0,4.0,4.0,4.0,5.0,3.0,4.0,5.0,3.5,1,0,0,1,0,1,1,0,0,0,0,0,0,0,1,0,0,0,0,0,0,0,0,0,0,0,0,0,0,0,0,0,0,0,0,0,0,False
California,6/24/2016,0,6.25,3.0,23.5,21.5,0.86,3.8,1.3,3.5,3.5,4.5,4.5,3.5,4.0,5.0,3.9,1,0,0,1,1,1,1,1,0,0,0,0,0,0,0,0,0,0,0,0,0,0,0,0,0,0,0,0,0,0,0,0,0,0,0,0,0,False
California,6/24/2016,0,6.25,4.5,22.5,22.0,0.87,4.0,4.0,4.5,4.0,4.0,3.5,4.0,4.0,4.5,4.25,1,0,0,1,1,1,1,1,0,0,0,0,0,0,0,0,0,0,0,0,0,0,0,0,0,0,0,0,0,0,0,0,0,0,0,0,0,True
California,6/24/2016,0,6.25,4.0,22.5,22.0,0.87,3.0,2.5,4.0,4.0,4.0,2.0,2.0,3.0,4.0,4.0,1,0,0,1,1,1,1,1,0,0,0,0,0,0,0,0,0,0,0,0,0,0,0,0,0,0,0,0,0,0,0,0,0,0,0,0,0,True
California,6/24/2016,0,6.25,3.0,23.0,22.5,0.93,5.0,4.0,4.0,4.5,4.0,4.5,3.371969696969697,4.0,4.0,4.5,1,0,0,1,1,1,1,1,0,0,0,0,0,0,0,0,0,0,0,0,0,0,0,0,0,0,0,0,0,0,0,0,0,0,0,0,0,True
California,6/24/2016,0,6.25,4.0,,,,4.0,3.5,4.5,4.0,4.5,4.0,4.5,4.5,5.0,4.5,1,0,0,1,1,1,1,1,0,0,0,0,0,0,0,0,0,0,0,0,0,0,0,0,0,0,0,0,0,0,0,0,0,0,0,0,0,True
Carnitas,6/24/2016,0,5.5,4.5,21.5,20.0,0.68,5.0,4.0,5.0,4.0,4.5,4.0,4.0,4.5,4.0,4.5,1,0,0,0,0,1,0,0,0,1,0,0,0,0,0,0,0,0,0,0,0,0,0,0,0,0,0,0,0,0,0,0,0,0,0,0,0,True
Asada,6/24/2016,0,6.25,3.0,23.0,23.0,0.97,4.0,3.0,4.0,3.0,4.0,3.0,3.0,4.0,4.0,4.0,1,0,0,1,1,1,1,0,1,0,0,0,0,0,0,0,0,0,0,0,0,0,0,0,0,0,0,0,0,0,0,0,0,0,0,0,0,True
Asada,6/24/2016,0,6.25,4.5,21.5,20.5,0.72,4.0,5.0,4.5,4.0,4.5,4.0,3.0,4.0,5.0,4.5,1,0,0,1,1,1,1,0,1,0,0,0,0,0,0,0,0,0,0,0,0,0,0,0,0,0,0,0,0,0,0,0,0,0,0,0,0,True
Asada,6/24/2016,0,6.25,5.0,23.0,21.5,0.85,4.0,3.0,5.0,4.0,4.0,4.0,5.0,5.0,3.0,4.2,1,0,0,1,1,1,1,0,1,0,0,0,0,0,0,0,0,0,0,0,0,0,0,0,0,0,0,0,0,0,0,0,0,0,0,0,0,True
California,8/1/2016,0,6.25,4.0,22.0,20.8,0.76,4.0,4.0,3.5,4.0,3.0,4.0,4.0,3.5,4.5,3.75,1,0,0,1,1,1,1,1,0,0,0,0,0,0,0,0,0,0,0,0,0,0,0,0,0,0,0,0,0,0,0,0,0,0,0,0,0,False
California,8/1/2016,0,6.25,4.0,22.5,21.5,0.83,3.0,2.0,4.0,5.0,4.0,4.0,3.0,4.0,3.0,4.0,1,0,0,1,1,1,1,1,0,0,0,0,0,0,0,0,0,0,0,0,0,0,0,0,0,0,0,0,0,0,0,0,0,0,0,0,0,True
California,8/1/2016,0,6.25,4.0,23.0,21.5,0.85,4.0,3.5,3.5,4.0,3.5,4.0,3.5,4.0,4.5,4.0,1,0,0,1,1,1,1,1,0,0,0,0,0,0,0,0,0,0,0,0,0,0,0,0,0,0,0,0,0,0,0,0,0,0,0,0,0,True
California,8/1/2016,0,6.25,3.5,21.0,22.5,0.85,3.5,2.0,3.0,3.5,3.5,2.5,2.5,3.5,4.5,3.4,1,0,0,1,1,1,1,1,0,0,0,0,0,0,0,0,0,0,0,0,0,0,0,0,0,0,0,0,0,0,0,0,0,0,0,0,0,False
Asada,8/1/2016,0,6.25,4.5,22.0,20.0,0.7,4.5,4.0,4.0,4.5,4.0,4.0,4.5,4.5,4.0,4.0,1,0,0,1,1,1,1,0,1,0,0,0,0,0,0,0,0,0,0,0,0,0,0,0,0,0,0,0,0,0,0,0,0,0,0,0,0,True
Surf & Turf,8/6/2016,0,7.0,2.5,20.5,21.75,0.77,4.0,4.0,2.0,3.0,2.0,3.5,3.0,3.0,4.5,2.5,0,0,0,1,0,0,1,0,0,0,0,0,0,0,0,0,0,1,0,0,0,0,0,1,0,0,0,0,0,0,0,0,0,0,0,0,0,False
Other,8/6/2016,0,6.25,2.0,20.5,20.0,0.65,4.0,2.5,2.5,3.0,2.0,4.0,3.5,3.0,4.5,2.6,0,0,0,0,0,0,0,0,0,0,0,0,0,0,0,0,0,0,0,0,0,0,0,0,0,0,0,0,0,0,0,0,0,0,0,0,0,False
Asada,8/6/2016,0,7.0,4.0,18.5,20.5,0.62,3.5,3.0,2.0,2.0,1.0,3.0,3.5,1.5,4.0,2.0,0,0,0,0,0,0,0,0,0,0,0,0,0,0,0,0,0,0,0,0,0,0,0,0,0,0,0,0,0,0,0,0,0,0,0,0,0,False
California,8/9/2016,0,6.25,3.5,21.5,20.0,0.68,3.5,3.5,2.5,2.5,2.5,4.0,2.0,1.5,5.0,2.2,0,0,0,1,1,0,1,1,0,0,0,0,0,0,0,0,0,0,0,0,0,0,0,0,0,0,0,0,0,0,0,0,0,0,0,0,0,False
California,8/9/2016,0,6.25,4.0,20.0,20.0,0.64,4.0,5.0,3.0,3.0,4.0,3.5,4.0,4.0,5.0,3.75,1,0,0,1,1,0,1,1,0,0,0,0,0,0,0,0,0,0,0,0,0,0,0,0,0,0,0,0,0,0,0,0,0,0,0,0,0,False
California,8/10/2016,0,4.99,4.0,19.0,21.0,0.67,4.5,4.5,3.5,4.0,4.5,5.0,2.5,4.5,5.0,4.3,1,0,0,1,1,0,1,1,0,0,0,0,0,0,0,0,0,0,0,0,0,0,0,0,0,0,0,0,0,0,0,0,0,0,0,0,0,True
California,8/12/2016,0,6.89,4.0,21.5,22.5,0.87,3.5,4.5,3.5,3.5,3.0,1.5,2.5,3.5,5.0,3.5,1,0,0,1,1,0,1,1,1,0,0,0,0,0,0,0,0,0,0,0,0,0,0,0,0,0,0,0,0,0,0,0,0,0,0,0,0,False
Asada,8/12/2016,0,6.89,5.0,18.5,21.0,0.65,3.0,5.0,4.5,4.5,3.0,4.0,4.5,4.0,4.5,4.0,1,0,0,1,1,1,0,0,0,0,0,0,0,0,0,0,0,0,0,0,0,0,0,0,0,0,0,0,0,0,0,0,0,0,0,0,0,True
Other,8/16/2016,0,4.99,3.5,23.0,19.0,0.66,3.0,3.0,3.0,3.0,2.5,2.0,2.5,3.0,4.0,2.8,0,0,0,0,1,1,0,0,0,1,0,0,0,0,0,0,0,0,0,0,0,0,0,0,0,0,0,0,0,0,0,0,0,0,0,0,0,False
California,8/16/2016,0,5.29,3.5,22.5,20.5,0.75,2.5,4.5,2.0,3.0,2.5,1.5,3.0,2.0,4.5,2.5,0,0,0,1,1,0,1,1,0,0,0,0,0,0,0,0,0,0,0,0,0,0,0,0,0,0,0,0,0,0,0,0,0,0,0,0,0,False
California,8/17/2016,0,7.49,2.0,18.5,21.5,0.68,4.0,5.0,4.5,3.5,3.5,2.0,3.5,4.0,5.0,4.0,1,0,0,1,1,1,1,1,1,0,0,0,0,0,0,0,0,0,0,0,0,0,0,0,0,0,0,0,0,0,0,0,0,0,0,0,0,True
California,8/17/2016,0,7.49,2.5,16.5,23.5,0.73,3.5,5.0,4.0,3.0,4.0,4.5,3.0,3.5,5.0,4.0,1,0,0,1,1,1,1,1,1,0,0,0,0,0,0,0,0,0,0,0,0,0,0,0,0,0,0,0,0,0,0,0,0,0,0,0,0,True
Other,8/19/2016,0,6.5,3.5,20.5,20.5,0.69,2.5,4.0,3.5,4.0,4.0,3.0,1.5,3.5,5.0,3.6,1,0,0,0,0,1,0,0,0,1,0,0,0,0,1,0,0,0,0,0,0,0,1,1,0,0,0,0,0,0,0,0,0,0,0,0,0,False
Asada,8/19/2016,0,6.5,5.0,21.0,21.0,0.74,4.5,4.5,3.5,4.0,4.0,3.5,4.0,4.0,4.0,4.0,1,0,0,1,1,1,0,0,0,0,0,0,0,0,0,0,0,0,0,0,0,0,0,0,0,0,0,0,0,0,0,0,0,0,0,0,0,True
Other,8/21/2016,0,6.25,3.5,21.5,19.5,0.65,2.5,3.5,3.0,3.0,5.0,4.5,3.5,2.0,5.0,2.9,0,0,0,0,0,0,0,0,0,0,0,0,0,0,0,0,0,0,0,0,0,0,0,0,0,0,0,0,0,0,0,0,0,0,0,0,0,False
California,8/21/2016,0,6.25,3.0,21.0,19.5,0.64,3.0,4.0,4.0,3.0,3.5,4.5,4.0,4.0,5.0,4.0,1,0,0,0,0,0,0,0,0,0,0,0,0,0,0,0,0,0,0,0,0,0,0,0,0,0,0,0,0,0,0,0,0,0,0,0,0,True
California,8/27/2016,1,5.99,4.0,18.5,21.0,0.65,4.0,4.5,2.5,2.5,2.5,1.5,3.0,4.0,5.0,3.0,0,0,0,1,0,0,1,1,1,0,0,0,0,0,0,0,0,0,0,0,0,0,0,0,0,0,0,0,0,0,0,0,0,0,0,0,0,False
Other,8/27/2016,0,5.69,3.0,17.5,23.5,0.77,4.0,4.5,3.0,3.5,4.0,3.5,2.5,4.0,4.5,4.0,1,0,0,0,0,1,0,0,0,1,0,0,0,0,0,0,0,0,0,0,0,0,1,1,0,0,0,0,0,0,0,0,0,0,0,0,0,True
Other,8/30/2016,1,7.99,3.5,17.0,20.0,0.54,1.5,4.0,3.0,3.0,1.5,4.5,2.5,3.0,1.5,3.2,0,0,0,0,0,1,0,0,0,0,0,0,1,1,0,0,0,0,0,1,0,0,0,0,0,0,0,0,0,0,0,0,0,0,0,1,0,False
Surf & Turf,8/30/2016,1,8.25,4.0,19.0,22.5,0.77,3.0,2.5,3.0,3.0,3.0,3.0,3.5,3.0,3.0,3.0,1,0,0,1,1,0,0,0,0,0,0,1,0,1,0,0,0,0,0,0,1,0,0,0,0,0,0,0,0,0,0,0,0,0,1,0,0,False
Surf & Turf,8/30/2016,0,8.25,3.0,19.0,24.0,0.87,5.0,3.0,5.0,4.0,2.0,2.0,5.0,2.0,2.0,2.0,0,0,0,1,1,0,0,0,0,0,0,1,0,1,0,0,0,0,0,0,1,0,0,0,0,0,0,0,0,0,0,0,0,0,1,0,0,False
Surf & Turf,8/30/2016,0,8.25,3.9,,,,2.1,1.9,2.6,2.4,2.9,3.2,4.0,2.5,3.0,2.4,0,0,0,1,1,0,0,0,0,0,0,1,0,1,0,0,0,0,0,0,1,0,0,0,0,0,0,0,0,0,0,0,0,0,1,0,0,False
Surf & Turf,8/30/2016,0,8.25,4.0,20.0,22.0,0.77,3.0,2.5,2.0,2.8,3.5,3.5,4.0,3.0,4.0,2.2,0,0,0,1,1,0,0,0,0,0,0,1,0,1,0,0,0,0,0,0,1,0,0,0,0,0,0,0,0,0,0,0,0,0,1,0,0,False
Surf & Turf,8/30/2016,0,8.25,3.5,20.0,22.0,0.77,3.6,3.2,3.2,3.5,3.6,3.5,3.371969696969697,3.8,3.9,3.6,0,0,0,1,1,0,0,0,0,0,0,1,0,1,0,0,0,0,0,0,1,0,0,0,0,0,0,0,0,0,0,0,0,0,1,0,0,False
Surf & Turf,8/30/2016,0,8.25,3.0,21.0,24.5,1.0,3.0,3.0,4.0,3.5,3.0,2.0,3.5,3.5,4.0,3.9,1,0,0,1,1,0,1,1,0,0,0,1,0,0,0,0,0,0,0,0,1,0,0,0,0,0,0,0,0,0,0,0,0,0,1,0,0,False
Surf & Turf,8/30/2016,0,8.25,4.0,18.5,25.5,0.96,3.5,2.0,4.0,3.0,5.0,5.0,4.0,4.0,5.0,3.5,0,0,0,1,1,0,1,1,0,0,0,1,0,0,0,0,0,0,0,0,1,0,0,0,0,0,0,0,0,0,0,0,0,0,1,0,0,False
Surf & Turf,8/30/2016,0,8.25,4.0,,,,4.0,3.0,3.0,3.0,3.0,2.0,3.0,3.0,4.0,3.0,1,0,0,1,1,0,1,1,0,0,0,1,0,0,0,0,0,0,0,0,1,0,0,0,0,0,0,0,0,0,0,0,0,0,1,0,0,False
Surf & Turf,8/30/2016,0,8.25,1.0,,,,3.0,2.0,4.0,3.0,5.0,5.0,4.0,3.5,5.0,3.5,0,0,0,1,1,0,1,1,0,0,0,1,0,0,0,0,0,0,0,0,1,0,0,0,0,0,0,0,0,0,0,0,0,0,1,0,0,False
Surf & Turf,8/30/2016,0,8.25,2.0,20.0,24.5,0.96,3.5,2.0,5.0,3.5,4.0,2.5,3.5,3.0,3.5,3.5,1,0,0,1,1,0,1,1,0,0,0,1,0,0,0,0,0,0,0,0,1,0,0,0,0,0,0,0,0,0,0,0,0,0,1,0,0,False
Surf & Turf,8/30/2016,0,8.25,3.0,19.0,24.0,0.87,5.0,4.0,4.0,4.0,3.0,3.0,4.0,4.0,4.0,4.0,1,0,0,1,1,0,1,1,0,0,0,1,0,0,0,0,0,0,0,0,1,0,0,0,0,0,0,0,0,0,0,0,0,0,1,0,0,True
Surf & Turf,8/30/2016,0,8.25,1.0,19.5,25.5,1.01,4.0,3.0,3.5,3.0,5.0,4.0,2.0,3.0,4.0,3.0,0,0,0,1,1,0,1,1,0,0,0,1,0,0,0,0,0,0,0,0,1,0,0,0,0,0,0,0,0,0,0,0,0,0,1,0,0,False
Other,8/30/2016,0,7.5,3.8,19.0,25.0,0.94,3.8,4.0,4.0,4.0,4.0,4.0,4.5,4.5,4.5,4.4,0,0,0,0,0,0,1,1,1,0,1,0,0,1,0,0,0,0,0,0,1,0,0,0,0,0,0,0,0,0,0,0,0,0,0,0,0,True
Other,8/30/2016,0,6.95,3.0,19.0,23.0,0.8,5.0,5.0,3.62039312039312,5.0,3.5864805825242727,5.0,4.5,5.0,3.0,4.5,1,0,0,0,0,0,0,0,0,0,0,0,0,0,1,1,0,1,0,0,1,0,0,0,0,0,0,0,0,0,0,1,0,0,1,0,1,True
Other,8/30/2016,0,5.25,3.0,19.5,25.5,1.01,4.5,4.5,3.62039312039312,3.5,3.5864805825242727,3.0,4.0,3.5,5.0,3.25,1,0,0,0,1,0,0,1,0,0,0,0,0,1,1,1,0,0,0,0,0,0,0,0,0,0,0,0,0,0,0,0,0,0,0,0,0,False
Other,8/30/2016,0,3.75,5.0,18.0,22.0,0.69,4.0,3.0,3.62039312039312,1.0,3.5864805825242727,3.0,3.0,2.0,3.0,2.0,0,0,0,0,0,0,1,0,0,0,0,0,0,0,1,0,0,0,0,0,0,0,0,0,0,0,0,0,0,0,0,0,0,0,0,0,0,False
California,8/30/2016,0,7.5,2.5,19.0,23.5,0.83,3.0,3.0,5.0,3.5,3.0,3.5,4.5,4.0,4.5,3.9,1,0,0,1,1,0,1,1,1,0,0,0,0,0,0,0,0,0,0,0,0,0,0,0,0,0,0,0,0,0,0,0,0,0,0,0,0,False
California,8/30/2016,0,7.5,5.0,17.0,23.0,0.72,3.5,3.0,2.0,3.0,3.0,2.0,4.0,2.5,5.0,3.5,0,0,0,1,1,0,1,1,1,0,0,0,0,0,0,0,0,0,0,0,0,0,0,0,0,0,0,0,0,0,0,0,0,0,0,0,0,False
California,8/30/2016,0,7.5,4.0,18.0,24.5,0.86,2.0,3.0,3.0,3.0,4.0,3.0,4.0,3.0,5.0,3.0,1,0,0,0,1,0,1,1,1,1,0,0,0,0,0,0,0,0,0,0,0,0,0,0,0,0,0,0,0,0,0,0,0,0,0,0,0,False
California,8/30/2016,0,7.5,4.5,18.0,26.0,0.97,3.5,4.0,4.5,4.0,3.5,3.5,4.0,4.0,4.5,4.25,1,0,0,0,1,0,1,1,1,1,0,0,0,0,0,0,0,0,0,0,0,0,0,0,0,0,0,0,0,0,0,0,0,0,0,0,0,True
California,8/30/2016,0,7.5,2.0,19.0,25.0,0.94,4.0,5.0,5.0,4.0,4.5,4.5,5.0,4.5,4.0,4.5,1,0,0,0,1,0,1,1,1,1,0,0,0,0,0,0,0,0,0,0,0,0,0,0,0,0,0,0,0,0,0,0,0,0,0,0,0,True
California,8/30/2016,0,7.5,4.0,20.0,23.5,0.88,3.5,2.5,3.0,4.5,3.0,2.0,5.0,4.5,3.5,2.5,1,0,0,0,1,1,1,1,1,0,1,0,0,0,0,0,0,0,0,0,0,0,0,0,0,0,0,0,0,0,0,0,0,0,0,0,0,False
California,8/30/2016,0,7.5,3.0,20.0,22.0,0.77,3.5,5.0,3.5,4.0,3.0,3.0,4.0,2.5,5.0,3.0,0,0,0,0,1,0,1,1,1,0,1,0,0,0,0,0,0,0,0,0,0,0,0,0,0,0,0,0,0,0,0,0,0,0,0,0,0,False
Other,8/30/2016,0,7.5,5.0,,,,3.5,2.0,3.5,3.5,3.0,4.0,2.0,2.0,4.0,3.5,0,0,0,0,0,0,1,0,1,0,1,0,0,1,0,0,0,0,0,0,1,0,0,0,0,0,0,0,0,0,0,0,0,0,0,0,0,False
Other,8/30/2016,0,7.5,3.0,17.0,21.0,0.6,2.5,2.5,3.0,2.0,2.0,1.0,5.0,1.0,5.0,1.5,0,0,0,0,0,0,1,0,1,0,1,0,0,1,0,0,0,0,0,0,1,0,0,0,0,0,0,0,0,0,0,0,0,0,0,0,0,False
Other,8/30/2016,0,7.5,4.0,17.5,21.2,0.63,5.0,3.0,5.0,5.0,3.0,2.0,2.0,3.0,5.0,4.0,1,0,0,0,0,0,1,0,1,0,1,0,0,1,0,0,0,0,0,0,1,0,0,0,0,0,0,0,0,0,0,0,0,0,0,0,0,True
Other,8/30/2016,0,7.5,5.0,19.0,21.0,0.67,5.0,4.0,2.0,1.0,4.0,3.0,5.0,4.0,2.0,2.0,0,0,0,0,0,0,1,0,1,0,1,0,0,1,0,0,0,0,0,0,1,0,0,0,0,0,0,0,0,0,0,0,0,0,0,0,0,False
Other,8/30/2016,0,7.5,4.5,19.5,19.0,0.56,4.0,4.0,3.5,4.5,4.0,4.0,5.0,4.5,4.0,4.0,1,0,0,0,0,0,1,0,1,0,1,0,0,1,0,0,0,0,0,0,1,0,0,0,0,0,0,0,0,0,0,0,0,0,0,0,0,True
Other,9/5/2016,0,4.99,3.5,,,,2.5,2.5,4.0,2.5,1.0,1.0,2.0,4.0,0.0,2.5,0,0,1,0,0,0,0,0,0,0,0,0,0,0,0,0,0,0,0,0,0,0,0,0,0,0,0,0,0,0,0,0,0,0,0,0,0,False
Other,9/5/2016,0,4.99,2.5,16.5,22.0,0.64,2.0,2.5,3.5,2.0,3.0,2.5,2.0,2.5,2.5,2.4,0,0,1,0,0,0,0,0,0,0,0,0,0,0,0,0,0,0,0,0,0,0,0,0,0,0,0,0,0,0,0,0,0,0,0,0,0,False
Other,9/9/2016,0,6.45,3.0,19.5,21.5,0.72,4.0,5.0,3.5,3.0,3.5,3.5,4.0,2.5,4.0,3.5,1,0,0,0,0,1,0,0,0,1,0,0,0,0,0,0,0,0,0,0,0,0,1,1,0,0,0,0,0,0,0,0,0,0,0,0,0,False
California,9/9/2016,0,6.99,4.0,19.5,22.0,0.75,3.0,4.5,4.0,4.0,3.5,3.0,4.0,4.0,5.0,4.0,1,0,0,1,0,0,1,1,1,0,0,0,0,0,0,0,0,0,0,0,0,0,0,0,0,0,0,0,0,0,0,0,0,0,0,0,0,True
California,9/11/2016,0,5.79,4.0,,,,3.0,4.5,4.0,4.0,4.0,5.0,2.5,3.0,5.0,3.6,1,0,0,1,0,0,1,1,0,0,0,0,0,0,0,0,0,0,0,0,0,0,0,0,0,0,0,0,0,0,0,0,0,0,0,0,0,False
California,9/11/2016,0,5.79,4.0,,,,4.0,3.0,4.0,2.5,3.5,4.0,2.0,2.5,5.0,3.0,0,0,0,1,0,0,1,1,0,0,0,0,0,0,0,0,0,0,0,0,0,0,0,0,0,0,0,0,0,0,0,0,0,0,0,0,0,False
California,9/11/2016,0,7.29,3.7,,,,3.8,4.7,4.0,3.5,4.5,4.0,4.0,4.5,5.0,4.0,1,0,0,1,0,1,1,1,1,0,0,0,0,0,0,0,0,0,0,0,0,0,0,0,0,0,0,0,0,0,0,0,0,0,0,0,0,True
Asada,9/11/2016,0,5.69,3.0,,,,4.0,3.0,1.5,3.0,4.0,4.5,3.5,2.0,4.5,3.0,0,0,0,1,0,1,0,0,0,0,0,0,0,0,0,0,0,0,0,0,0,0,0,0,0,0,0,0,0,0,0,0,0,0,0,0,0,False
Carnitas,9/13/2016,0,7.15,4.0,16.5,26.5,0.92,2.5,2.5,3.0,2.8,2.5,3.5,3.371969696969697,3.0,3.5,2.75,1,0,0,0,1,0,0,0,1,1,0,0,0,1,1,0,0,1,0,0,0,0,0,0,0,0,0,0,0,0,0,0,0,0,0,1,0,False
Other,9/16/2016,0,6.99,4.0,,,,4.5,4.0,4.5,4.5,4.5,4.5,4.5,5.0,4.0,4.5,1,0,0,0,0,0,0,0,0,0,0,0,0,0,0,0,0,0,0,0,0,0,0,0,0,0,0,0,0,0,0,0,0,0,0,0,0,True
California,9/16/2016,0,7.49,4.1,,,,4.0,4.5,4.5,4.5,4.7,4.5,4.2,4.5,5.0,4.7,1,0,0,0,0,0,0,0,0,0,0,0,0,0,0,0,0,0,0,0,0,0,0,0,0,0,0,0,0,0,0,0,0,0,0,0,0,True
California,9/18/2016,0,7.9,3.5,20.5,23.0,0.86,4.0,5.0,4.0,4.0,3.0,4.0,3.5,4.0,4.0,4.2,1,0,0,0,0,0,0,0,0,0,0,0,0,0,0,0,0,0,0,0,0,0,0,0,0,0,0,0,0,0,0,0,0,0,0,0,0,True
Other,9/18/2016,0,7.9,3.5,22.0,23.0,0.93,4.0,3.5,4.5,4.5,3.5,3.5,3.5,4.0,3.0,4.3,1,0,0,0,0,0,0,0,0,0,0,0,0,0,0,0,0,0,0,0,0,0,0,0,0,0,0,0,0,0,0,0,0,0,0,0,0,True
California,9/22/2016,0,6.95,3.5,20.0,21.5,0.74,3.5,3.5,3.0,4.0,3.0,3.0,4.5,3.5,2.0,3.6,1,0,0,1,1,1,1,1,1,0,0,0,0,0,0,0,0,0,0,0,0,0,0,0,0,0,0,0,0,0,0,0,0,0,0,0,0,False
Other,9/22/2016,0,5.95,4.0,20.5,20.0,0.65,3.5,5.0,4.5,3.5,4.0,4.5,4.5,4.0,5.0,4.0,1,0,0,0,0,1,0,0,0,1,0,0,0,0,0,0,0,0,0,0,0,0,0,0,0,0,0,0,0,0,0,0,0,0,0,0,0,True
Asada,9/25/2016,0,5.49,4.0,23.5,19.0,0.68,3.0,5.0,3.0,3.0,2.5,4.0,3.5,3.0,5.0,3.1,1,0,0,1,0,0,0,0,0,0,0,0,0,1,1,0,0,0,0,0,0,0,1,1,0,0,0,0,0,0,0,0,0,0,0,0,0,False
Other,9/25/2016,0,3.99,4.5,22.5,19.5,0.68,3.5,4.0,3.0,2.5,2.8,4.0,2.5,2.5,5.0,2.6,0,0,0,0,0,0,0,0,0,1,0,0,0,1,1,0,0,0,0,0,0,0,1,1,0,0,0,0,0,0,0,0,0,0,0,0,0,False
California,9/22/2016,0,6.35,4.0,,,,4.0,2.5,4.0,3.0,4.5,2.0,2.0,3.0,4.0,3.0,0,0,0,1,1,0,0,1,1,0,0,0,0,0,0,0,0,0,0,0,0,0,0,0,0,0,0,0,0,0,0,0,0,0,0,0,0,False
Carnitas,9/26/2016,0,5.99,2.5,18.5,20.0,0.59,3.2,3.8,4.5,2.8,4.0,2.0,1.8,3.5,5.0,4.0,1,0,0,0,1,1,0,0,0,1,0,0,0,0,0,0,0,0,0,0,0,0,0,0,0,0,0,0,0,0,0,0,0,0,0,0,0,True
Other,9/27/2016,0,7.65,4.5,26.0,24.5,1.24,3.5,4.5,2.5,2.5,1.0,1.5,3.0,2.5,3.0,2.7,0,0,0,1,1,1,1,1,1,0,0,0,0,0,0,0,0,0,0,0,0,0,0,0,0,0,0,0,0,0,0,0,0,0,0,0,0,False
California,9/27/2016,0,6.6,3.5,22.0,23.0,0.93,4.0,4.5,4.0,4.0,4.5,5.0,4.5,4.5,4.5,4.25,1,0,0,0,0,0,0,0,0,0,0,0,0,0,0,0,0,0,0,0,0,0,0,0,0,0,0,0,0,0,0,0,0,0,0,0,0,True
Other,9/27/2016,0,6.3,4.0,22.0,22.0,0.85,4.0,3.6,4.0,4.0,4.0,4.0,3.371969696969697,4.0,4.0,4.2,1,0,0,0,0,0,1,1,0,0,0,0,0,0,0,0,0,0,0,0,0,0,0,0,0,0,0,0,0,0,1,0,1,0,0,0,0,True
Carnitas,9/27/2016,0,6.6,3.0,,,,4.0,4.0,5.0,5.0,4.5,3.0,2.0,4.0,4.0,4.0,1,0,0,0,1,1,0,0,0,1,0,0,0,0,0,0,0,0,0,0,0,0,0,0,0,0,0,0,0,0,0,0,0,0,0,0,0,True
Other,9/29/2016,0,5.99,4.0,18.0,20.0,0.57,3.5,3.5,2.0,3.0,4.5,4.5,3.0,3.0,5.0,3.2,0,0,0,0,1,1,0,0,0,1,0,0,0,0,0,0,0,0,0,0,0,0,0,0,0,0,0,0,0,0,0,0,0,0,0,0,0,False
California,10/1/2016,1,7.9,4.0,20.0,22.0,0.77,4.0,4.0,4.0,4.0,4.5,4.0,4.0,4.0,2.5,4.2,1,0,0,1,1,1,1,1,0,0,0,0,0,0,0,0,0,0,0,0,0,0,0,0,0,0,0,0,0,0,0,0,0,0,0,0,0,True
California,10/1/2016,0,7.9,3.0,18.5,22.0,0.71,4.0,4.0,3.5,4.5,4.0,3.5,2.5,4.0,1.5,4.0,1,0,0,1,1,1,1,1,0,0,0,0,0,0,0,0,0,0,0,0,1,0,0,0,0,0,0,0,0,0,0,0,0,0,0,0,0,True
Carnitas,10/2/2016,1,6.6,3.2,,,,1.4,3.7,3.0,3.2,4.8,2.4,3.0,2.9,3.0,3.0,0,0,0,0,1,1,0,0,0,1,0,0,0,0,0,0,0,0,0,0,0,0,0,0,0,0,0,0,0,0,0,0,0,0,0,0,0,False
Asada,10/2/2016,0,6.6,4.0,,,,4.0,3.5,3.5,3.5,4.0,3.0,3.5,3.5,4.5,3.0,0,0,0,1,1,1,0,0,0,0,0,0,0,0,0,0,0,0,0,0,0,0,0,0,0,0,0,0,0,0,0,0,0,0,0,0,0,False
California,10/5/2016,0,6.1,4.0,22.0,22.0,0.85,3.5,3.5,2.0,3.5,4.5,3.5,3.0,3.5,4.0,3.3,0,0,0,1,0,1,1,1,0,0,0,0,0,0,0,0,0,0,0,0,0,0,0,0,0,0,0,0,0,0,0,0,0,0,0,0,0,False
California,10/7/2016,0,6.25,4.0,22.5,18.0,0.58,3.5,4.0,2.5,3.0,1.5,2.5,2.5,2.8,5.0,3.2,0,0,0,1,1,1,1,1,1,0,0,0,0,0,0,0,0,0,0,0,0,0,0,0,0,0,0,0,0,0,0,0,0,0,0,0,0,False
California,10/12/2016,0,6.5,4.0,19.5,21.0,0.68,3.0,2.5,2.5,3.0,4.0,3.5,2.5,3.0,5.0,3.3,0,0,0,1,0,0,1,1,1,0,1,0,0,0,0,0,0,0,0,0,0,0,0,0,0,0,0,0,0,0,0,0,0,0,0,0,0,False
California,10/12/2016,0,5.5,4.0,20.0,20.0,0.64,3.5,5.0,3.0,3.0,3.5,3.5,2.0,4.0,5.0,3.5,1,0,0,1,0,0,1,1,1,0,0,0,0,0,0,0,0,0,0,0,0,0,0,0,0,0,0,0,0,0,0,0,0,0,0,0,0,False
California,10/12/2016,0,5.5,2.0,20.0,23.0,0.84,3.0,5.0,3.0,4.0,2.0,2.0,2.0,4.5,4.0,3.5,1,0,0,1,0,0,1,1,1,0,0,0,0,0,0,0,0,0,0,0,0,0,0,0,0,0,0,0,0,0,0,0,0,0,0,0,0,False
Other,10/12/2016,0,4.95,3.0,,,,3.5,5.0,4.0,4.0,3.78,5.0,3.371969696969697,4.7,5.0,4.2,1,0,0,0,0,0,0,0,0,0,0,0,0,0,0,0,0,0,0,0,0,0,0,0,0,0,0,0,0,0,0,0,0,0,0,0,0,True
California,10/17/2016,0,6.99,3.5,19.0,20.0,0.6,3.0,3.0,3.0,3.0,3.7,3.5,3.8,3.0,5.0,3.5,1,0,0,1,0,0,1,1,1,0,0,0,0,0,0,0,0,0,0,0,0,0,0,0,0,0,0,0,0,0,0,0,0,0,0,0,0,False
Other,10/17/2016,0,7.067342995169067,3.5,,,,4.0,5.0,4.5,4.2,4.7,4.4,4.0,4.9,5.0,4.6,1,1,0,0,0,0,0,0,0,0,0,0,0,0,0,0,0,0,0,0,0,0,0,0,0,0,0,0,0,0,0,0,0,0,0,0,0,True
Other,10/18/2016,0,6.5,3.0,18.5,20.5,0.62,3.0,4.5,3.5,1.5,1.5,2.0,3.2,2.0,4.5,2.2,0,0,0,1,0,0,1,0,0,0,0,0,0,0,0,0,0,1,0,0,0,0,0,1,0,0,0,0,0,0,0,0,0,0,0,0,0,False
California,10/18/2016,0,5.5,3.0,17.0,22.0,0.65,3.0,4.0,4.5,3.0,2.0,4.0,4.5,3.5,4.5,3.5,0,0,0,0,0,0,0,0,0,0,0,0,0,0,0,0,0,0,0,0,0,0,0,0,0,0,0,0,0,0,0,0,0,0,0,0,0,False
Other,10/18/2016,0,4.99,4.0,,,,4.5,5.0,3.0,3.0,3.0,2.5,0.0,2.5,5.0,3.0,1,0,0,0,0,0,0,0,0,0,0,0,0,0,0,0,0,0,0,0,0,0,0,0,0,0,0,0,0,0,0,0,0,0,0,0,0,False
California,10/17/2016,0,6.95,4.0,22.0,23.0,0.93,4.0,2.0,4.0,3.0,4.0,5.0,3.0,3.0,4.0,4.0,1,0,0,0,0,0,0,0,0,0,0,0,0,0,0,0,0,0,0,0,0,0,0,0,0,0,0,0,0,0,0,0,0,0,0,0,0,True
Surf & Turf,10/17/2016,0,7.0,4.0,22.5,21.0,,3.0,3.0,3.5,4.0,4.0,3.0,3.0,4.0,3.5,5.0,0,0,0,0,0,0,0,0,0,0,0,0,0,0,0,0,0,0,0,0,0,0,0,0,0,0,0,0,0,0,0,0,0,0,0,0,0,True
Carnitas,10/27/2016,0,5.95,3.0,18.0,20.0,0.57,4.0,3.0,4.0,3.0,4.0,2.0,3.5,3.0,5.0,3.9,1,0,0,0,1,1,0,0,0,1,0,0,0,0,0,0,0,0,0,0,0,0,0,0,0,0,0,0,0,0,0,0,0,0,0,0,0,False
Other,10/27/2016,0,6.99,3.5,19.0,21.0,0.67,2.0,5.0,4.2,3.0,4.7,5.0,3.7,4.2,5.0,4.0,1,0,0,0,0,0,1,1,0,0,1,0,0,0,0,0,0,0,0,0,0,0,0,0,0,0,0,0,0,0,0,0,0,0,0,0,0,True
Other,10/27/2016,0,7.067342995169067,4.5,,,,3.0,4.0,4.0,4.0,4.0,4.0,4.0,4.0,3.0,4.0,1,0,0,0,1,0,0,0,0,1,0,0,0,0,1,0,0,0,0,0,0,0,0,0,0,0,0,0,0,0,0,0,0,0,0,0,0,True
Other,10/27/2016,0,7.067342995169067,2.0,,,,2.0,4.0,3.0,4.0,4.0,4.0,3.0,4.0,4.0,3.0,1,0,0,0,0,0,0,0,0,0,0,0,0,0,0,0,0,0,0,0,0,0,0,0,0,0,0,0,0,0,0,0,0,0,0,0,0,False
Other,10/27/2016,0,7.067342995169067,3.0,,,,5.0,5.0,3.62039312039312,3.0,2.0,2.0,3.371969696969697,1.0,5.0,2.0,0,0,0,0,0,0,1,0,0,0,0,0,0,0,1,0,0,0,0,0,0,0,0,0,0,0,0,0,0,0,0,0,0,0,0,0,0,False
California,10/29/2016,0,7.49,4.0,17.5,23.5,0.77,2.0,3.5,4.2,4.3,4.0,2.2,4.5,4.0,2.2,4.2,1,0,0,0,0,0,0,0,0,0,0,0,0,0,0,0,0,0,0,0,0,0,0,0,0,0,0,0,0,0,0,0,0,0,0,0,0,True
California,10/29/2016,0,7.49,2.0,18.5,22.0,0.71,3.8,3.8,4.0,4.2,3.75,4.0,4.75,4.4,3.8,4.2,1,0,0,0,0,0,0,0,0,0,0,0,0,0,0,0,0,0,0,0,0,0,0,0,0,0,0,0,0,0,0,0,0,0,0,0,0,True
Other,11/1/2016,0,5.99,4.0,19.5,21.5,0.72,3.0,4.5,3.7,2.8,5.0,4.5,3.0,2.3,4.5,3.0,0,0,0,0,1,1,0,0,0,1,0,0,0,0,0,0,0,0,0,0,0,0,0,0,0,0,0,0,0,0,0,0,0,0,0,0,0,False
Asada,11/1/2016,0,5.99,2.0,21.0,23.5,0.92,2.0,4.0,4.5,4.0,4.0,3.0,4.0,4.0,2.0,4.0,1,0,0,1,1,1,0,0,0,0,0,0,0,0,0,0,0,0,0,0,0,0,0,0,0,0,0,0,0,0,0,0,0,0,0,0,0,True
California,11/2/2016,0,6.39,4.0,20.0,21.0,0.7,4.0,4.0,4.0,4.0,4.5,4.5,4.2,4.5,4.5,4.25,1,0,0,0,0,0,0,0,0,0,0,0,0,0,0,0,0,0,0,0,0,0,0,0,0,0,0,0,0,0,0,0,0,0,0,0,0,True
California,11/2/2016,0,6.39,4.25,22.0,22.0,0.85,2.0,4.0,3.7,2.0,4.0,4.5,4.5,2.7,5.0,2.66,0,0,0,0,0,0,0,0,0,0,0,0,0,0,0,0,0,0,0,0,0,0,0,0,0,0,0,0,0,0,0,0,0,0,0,0,0,False
California,11/2/2016,0,6.39,4.5,22.5,20.5,0.75,3.0,4.4,4.0,4.0,4.5,4.2,4.3,4.0,5.0,4.2,1,0,0,0,0,0,0,0,0,0,0,0,0,0,0,0,0,0,0,0,0,0,0,0,0,0,0,0,0,0,0,0,0,0,0,0,0,True
California,11/2/2016,0,6.39,4.75,20.5,20.5,0.69,2.0,3.7830423940149633,3.5,3.0,5.0,4.0,2.0,3.5,3.5,3.5,1,0,0,0,0,0,0,0,0,0,0,0,0,0,0,0,0,0,0,0,0,0,0,0,0,0,0,0,0,0,0,0,0,0,0,0,0,False
Other,11/6/2016,1,7.35,2.3,19.5,23.5,0.86,4.0,4.0,3.5,2.0,1.5,2.0,2.0,3.0,1.2,3.1,0,0,0,0,0,1,0,0,0,0,0,0,1,0,0,0,1,0,0,1,0,0,0,0,0,0,0,0,0,0,0,0,0,0,0,0,0,False
Carnitas,11/6/2016,0,6.7,3.75,18.0,22.5,0.73,3.5,4.0,4.0,3.0,3.75,4.0,3.0,3.5,4.5,3.75,1,0,0,0,1,1,0,0,0,1,0,0,0,0,0,0,0,0,0,0,0,0,0,0,0,0,0,0,0,0,0,0,0,0,0,0,0,False
California,11/8/2016,0,6.25,4.0,17.0,19.5,0.51,2.5,4.0,3.75,4.0,3.75,5.0,4.0,4.0,5.0,3.9,1,0,0,1,1,1,1,1,1,0,0,0,0,0,0,0,0,0,0,0,0,0,0,0,0,0,0,0,0,0,0,0,0,0,0,0,0,False
California,11/8/2016,0,6.25,4.0,17.0,22.0,0.65,3.0,3.7830423940149633,4.0,4.0,4.0,4.0,2.0,3.0,5.0,4.0,1,0,0,1,1,1,1,1,1,0,0,0,0,0,0,0,0,0,0,0,0,0,0,0,0,0,0,0,0,0,0,0,0,0,0,0,0,True
California,11/8/2016,0,6.25,3.0,,,,4.0,4.0,2.0,2.0,4.0,3.0,3.0,3.0,5.0,3.0,0,0,0,1,1,1,1,1,1,0,0,0,0,0,0,0,0,0,0,0,0,0,0,0,0,0,0,0,0,0,0,0,0,0,0,0,0,False
Asada,11/8/2016,0,6.25,4.0,18.0,21.0,0.63,4.0,4.0,3.62039312039312,3.5,3.5,4.0,4.0,4.0,4.0,4.0,1,0,0,0,0,0,0,0,0,0,0,0,0,0,0,0,0,0,0,0,0,0,0,0,0,0,0,0,0,0,0,0,0,0,0,0,0,True
Other,11/14/2016,0,10.5,3.0,20.0,27.0,1.16,2.0,2.5,3.3,3.5,1.5,4.0,2.5,2.5,3.0,3.1,0,0,0,1,1,1,1,1,1,0,0,1,0,0,0,0,0,0,0,0,1,0,0,0,0,0,0,0,0,0,0,0,0,0,0,0,0,False
Asada,11/16/2016,0,6.75,3.0,18.0,21.5,0.66,4.5,4.7,4.5,3.5,4.0,4.5,4.5,3.5,5.0,4.2,1,0,0,1,0,1,0,0,0,0,0,0,0,0,0,0,0,0,0,0,0,0,0,0,0,0,0,0,0,0,0,0,0,0,0,0,0,True
California,11/16/2016,0,7.9,4.0,19.0,22.0,0.73,5.0,5.0,4.0,5.0,5.0,3.0,4.0,5.0,3.0,5.0,1,0,0,0,0,0,0,0,0,0,0,0,0,0,0,0,0,0,0,0,0,0,0,0,0,0,0,0,0,0,0,0,0,0,0,0,0,True
California,11/16/2016,0,7.9,4.0,20.0,22.0,0.77,3.0,5.0,5.0,4.0,5.0,4.0,3.0,5.0,2.0,4.5,1,0,0,0,0,0,0,0,0,0,0,0,0,0,0,0,0,0,0,0,0,0,0,0,0,0,0,0,0,0,0,0,0,0,0,0,0,True
California,11/16/2016,0,7.9,4.0,20.0,21.5,0.74,4.0,4.0,3.0,4.0,4.0,4.0,3.0,3.0,4.0,4.0,1,0,0,0,0,0,0,0,0,0,0,0,0,0,0,0,0,0,0,0,0,0,0,0,0,0,0,0,0,0,0,0,0,0,0,0,0,True
California,11/16/2016,0,7.9,3.5,,,,4.0,3.5,4.7,4.0,4.5,4.5,4.5,4.0,3.5,4.7,1,0,0,0,0,0,0,0,0,0,0,0,0,0,0,0,0,0,0,0,0,0,0,0,0,0,0,0,0,0,0,0,0,0,0,0,0,True
California,11/17/2016,0,6.99,4.3,,,,4.8,5.0,4.0,4.4,5.0,4.0,4.3,4.3,5.0,4.5,1,0,0,1,0,0,1,1,1,0,0,0,0,0,0,0,0,0,0,0,0,0,0,0,0,0,0,0,0,0,0,0,0,0,0,0,0,True
California,11/17/2016,0,6.99,4.0,,,,4.5,4.5,4.0,4.5,4.0,4.0,3.5,4.5,5.0,4.5,1,0,0,1,0,0,1,1,1,0,0,0,0,0,0,0,0,0,0,0,0,0,0,0,0,0,0,0,0,0,0,0,0,0,0,0,0,True
California,11/23/2016,1,6.25,3.0,18.0,21.5,0.66,3.5,5.0,4.0,3.0,4.0,3.0,3.5,3.5,3.0,3.7,1,0,0,1,1,0,1,1,1,0,0,0,0,0,0,0,0,0,0,0,0,0,0,0,0,0,0,0,0,0,0,0,0,0,0,0,0,False
California,11/23/2016,0,7.25,4.0,19.0,24.0,0.87,4.0,4.0,5.0,4.5,4.0,3.5,5.0,4.5,5.0,4.4,1,0,0,1,0,1,1,1,0,0,0,1,0,0,0,1,1,0,0,0,0,0,0,0,0,0,0,0,0,0,0,0,0,0,0,0,0,True
Other,11/23/2016,0,7.0,3.5,19.5,22.0,0.75,4.0,4.0,3.5,4.0,4.0,3.5,4.5,4.0,3.5,3.7,1,0,0,0,0,0,0,0,0,0,0,0,0,0,0,0,0,0,0,0,0,0,0,0,0,0,0,0,0,0,0,0,0,0,0,0,0,False
Other,11/26/2016,0,6.99,3.5,20.5,22.5,0.83,3.5,2.5,4.0,3.5,3.0,2.5,2.5,4.5,0.5,3.8,1,0,0,0,0,0,0,0,0,0,0,0,0,0,0,0,0,0,0,0,0,0,0,0,0,0,0,0,0,0,0,0,0,0,0,0,0,False
Asada,11/26/2016,0,6.49,3.0,17.5,17.0,0.4,3.5,4.0,3.0,4.0,3.5,4.0,3.0,4.0,4.5,3.5,0,0,0,0,0,0,0,0,0,0,0,0,0,0,0,0,0,0,0,0,0,0,0,0,0,0,0,0,0,0,0,0,0,0,0,0,0,False
Other,11/27/2016,0,5.99,3.5,17.5,21.0,0.61,2.0,3.0,3.8,2.5,2.5,3.0,2.5,3.0,2.6,3.2,0,0,0,0,0,1,0,0,0,0,1,0,0,0,0,0,0,0,0,1,0,0,1,0,0,0,0,0,0,0,0,0,0,0,0,0,0,False
California,12/2/2016,0,5.65,3.0,19.5,22.0,0.75,4.0,1.5,2.0,3.0,4.2,4.0,3.0,2.0,4.5,2.7,0,0,0,0,0,0,0,0,0,0,0,0,0,0,0,0,0,0,0,0,0,0,0,0,0,0,0,0,0,0,0,0,0,0,0,0,0,False
Other,12/2/2016,0,5.49,3.0,19.0,20.5,0.64,4.5,5.0,2.0,2.0,2.5,3.5,3.0,2.5,3.0,2.0,0,0,0,0,0,0,0,0,0,0,0,0,0,0,0,0,0,0,0,0,0,0,0,0,0,0,0,0,0,0,0,0,0,0,0,0,0,False
California,12/10/2016,0,7.75,4.0,20.0,21.0,0.7,3.5,2.5,3.0,3.3,1.4,2.3,2.2,3.3,4.5,2.9,0,0,0,1,1,0,1,1,1,0,0,0,0,0,0,0,0,0,0,0,0,0,0,0,0,0,0,0,0,0,0,0,0,0,0,0,0,False
Asada,12/10/2016,0,7.75,4.0,19.5,21.0,0.68,4.0,4.5,2.0,2.0,3.5,3.5,2.0,2.0,4.0,3.0,0,0,0,1,1,1,0,0,0,0,0,0,0,0,0,0,0,0,0,0,0,0,0,0,0,0,0,0,0,0,0,0,0,0,0,0,0,False
Other,12/15/2016,0,6.99,3.7,24.0,18.5,0.65,3.6,4.0,4.0,3.0,3.8,4.3,3.371969696969697,3.8,2.0,3.5,1,1,0,0,0,0,0,0,0,0,0,0,0,0,0,0,0,0,0,0,0,0,0,0,0,0,0,0,0,0,0,0,0,0,0,0,0,False
California,1/4/2017,0,6.6,3.4953349282296653,23.0,20.5,0.77,4.0,4.5,4.0,3.5,3.5,5.0,1.5,3.5,4.5,3.7,1,0,0,0,0,0,0,0,0,0,0,0,0,0,0,0,0,0,0,0,0,0,0,0,0,0,0,0,0,0,0,0,0,0,0,0,0,False
Other,1/4/2017,0,6.6,3.4953349282296653,20.5,21.5,0.75,4.0,2.0,3.62039312039312,4.0,3.5864805825242727,4.6,4.2,3.75,5.0,3.9,1,0,0,0,0,0,0,0,0,0,0,0,0,0,0,0,0,0,0,0,0,0,0,0,0,0,0,0,0,0,0,0,0,0,0,0,0,False
Other,1/7/2017,0,8.5,3.9,21.0,21.0,0.74,3.0,4.5,4.1,3.0,3.7,4.0,4.3,4.2,5.0,3.9,1,0,0,0,0,0,0,0,0,0,0,0,0,0,0,0,0,0,0,0,0,0,0,0,0,0,0,0,0,0,0,0,0,0,0,0,0,False
Other,1/7/2017,0,7.9,4.0,20.5,21.0,0.72,3.5,4.0,4.0,3.0,4.0,4.5,4.0,3.8,4.8,3.8,1,0,0,0,0,0,0,0,0,0,0,0,0,0,0,0,0,0,0,0,0,0,0,0,0,0,0,0,0,0,0,0,0,0,0,0,0,False
Other,1/10/2017,0,4.99,3.5,18.5,22.5,0.75,2.5,4.5,3.0,2.5,3.0,3.0,2.0,2.0,4.0,3.0,0,0,0,0,0,0,0,0,0,0,0,0,0,0,0,0,0,0,0,0,0,0,0,0,0,0,0,0,0,0,0,0,0,0,0,0,0,False
Other,1/12/2017,1,7.29,3.5,19.0,21.5,0.7,3.0,2.0,3.5,3.5,3.0,2.5,3.7,3.2,4.2,3.7,0,0,0,0,0,0,0,0,0,0,0,0,0,0,0,0,0,0,0,0,0,0,0,0,0,0,0,0,0,0,0,0,0,0,0,0,0,False
Surf & Turf,1/12/2017,0,7.89,3.0,18.5,25.5,0.96,4.0,5.0,4.5,4.0,4.5,3.5,3.0,4.5,2.5,4.25,0,0,0,0,0,0,0,0,0,0,0,0,0,0,0,0,0,0,0,0,0,0,0,0,0,0,0,0,0,0,0,0,0,0,0,0,0,True
California,1/12/2017,0,7.49,3.7,20.0,26.0,1.08,4.0,3.5,3.9,4.0,3.7,2.0,3.5,4.0,4.0,3.9,0,0,0,0,0,0,0,0,0,0,0,0,0,0,0,0,0,0,0,0,0,0,0,0,0,0,0,0,0,0,0,0,0,0,0,0,0,False
Other,1/12/2017,0,7.49,5.0,18.0,22.0,0.69,4.0,4.0,4.0,2.0,3.0,0.0,3.371969696969697,1.0,2.0,2.0,0,0,0,0,0,0,0,0,0,0,0,0,0,0,0,0,0,0,0,0,0,0,0,0,0,0,0,0,0,0,0,0,0,0,0,0,0,False
Other,1/15/2017,0,7.9,3.5,21.5,23.5,0.94,4.5,5.0,4.0,3.5,4.0,2.8,4.0,4.5,3.7,4.2,0,0,0,0,0,0,0,0,0,0,0,0,0,0,0,0,0,0,0,0,0,0,0,0,0,0,0,0,0,0,0,0,0,0,0,0,0,True
Other,1/15/2017,0,7.9,2.0,19.5,24.0,0.89,4.2,4.0,4.2,3.8,4.0,3.0,3.8,4.5,5.0,4.2,0,0,0,0,0,0,0,0,0,0,0,0,0,0,0,0,0,0,0,0,0,0,0,0,0,0,0,0,0,0,0,0,0,0,0,0,0,True
Other,1/20/2017,0,5.99,4.5,18.5,21.0,0.65,2.0,4.0,2.5,3.5,4.5,3.0,2.0,1.5,3.4,3.1,0,0,0,0,0,0,0,0,0,0,0,0,0,0,0,0,0,0,0,0,0,0,0,0,0,0,0,0,0,0,0,0,0,0,0,0,0,False
Other,1/20/2017,0,6.99,3.5,18.5,20.5,0.62,2.5,4.5,4.0,4.0,2.0,3.0,3.0,3.0,4.0,3.0,0,0,0,0,0,0,0,0,0,0,0,0,0,0,0,0,0,0,0,0,0,0,0,0,0,0,0,0,0,0,0,0,0,0,0,0,0,False
California,2/15/2017,0,6.85,3.5,,,,3.0,2.0,3.5,3.5,4.0,3.0,3.5,3.5,4.5,3.6,0,0,0,0,0,0,0,0,0,0,0,0,0,0,0,0,0,0,0,0,0,0,0,0,0,0,0,0,0,0,0,0,0,0,0,0,0,False
California,2/15/2017,0,6.85,4.0,,,,5.0,5.0,4.5,4.0,5.0,4.0,4.0,5.0,5.0,4.3,0,0,0,0,0,0,0,0,0,0,0,0,0,0,0,0,0,0,0,0,0,0,0,0,0,0,0,0,0,0,0,0,0,0,0,0,0,True
California,2/21/2017,0,7.067342995169067,4.3,18.5,21.5,0.68,3.0,3.0,3.5,4.0,3.0,1.5,3.8,4.0,5.0,4.0,0,0,0,0,0,0,0,0,0,0,0,0,0,0,0,0,0,0,0,0,0,0,0,0,0,0,0,0,0,0,0,0,0,0,0,0,0,True
California,2/23/2017,0,7.19,4.5,20.0,24.0,0.92,4.0,2.0,3.0,3.8,3.5,2.0,4.0,4.0,4.0,3.5,0,0,0,0,0,0,0,0,0,0,0,0,0,0,0,0,0,0,0,0,0,0,0,0,0,0,0,0,0,0,0,0,0,0,0,0,0,False
Other,2/25/2017,0,7.9,2.5,22.0,22.0,0.85,3.0,4.5,4.3,4.0,3.0,3.1,3.9,4.2,3.0,4.1,0,0,0,0,0,0,0,0,0,0,0,0,0,0,0,0,0,0,0,0,0,0,0,0,0,0,0,0,0,0,0,0,0,0,0,0,0,True
Other,2/25/2017,0,7.9,3.0,21.0,24.0,0.96,3.0,3.5,4.5,4.0,4.0,4.0,4.0,4.0,3.5,4.0,0,0,0,0,0,0,0,0,0,0,0,0,0,0,0,0,0,0,0,0,0,0,0,0,0,0,0,0,0,0,0,0,0,0,0,0,0,True
Other,2/25/2017,0,7.9,3.0,,,,5.0,5.0,5.0,4.0,5.0,4.0,4.0,5.0,4.0,5.0,0,1,0,0,0,0,0,0,0,0,0,0,0,0,0,0,0,0,0,0,0,0,0,0,0,0,0,0,0,0,0,0,0,0,0,0,0,True
Other,2/25/2017,0,7.9,3.0,,,,3.5,4.0,4.0,4.0,4.5,3.5,4.0,3.5,4.0,4.0,0,0,0,0,0,0,0,0,0,0,0,0,0,0,0,0,0,0,0,0,0,0,0,0,0,0,0,0,0,0,0,0,0,0,0,0,0,True
Carnitas,3/3/2017,0,7.35,3.5,21.0,19.0,0.6,3.5,3.0,3.5,3.0,4.5,4.5,4.0,4.0,5.0,3.75,0,0,0,0,0,0,0,0,0,0,0,0,0,0,0,0,0,0,0,0,0,0,0,0,0,0,0,0,0,0,0,0,0,0,0,0,0,False
California,3/3/2017,0,6.35,3.5,19.0,20.0,0.6,4.0,3.0,3.0,3.0,2.5,3.0,3.5,2.8,5.0,3.1,0,0,0,0,0,0,0,0,0,0,0,0,0,0,0,0,0,0,0,0,0,0,0,0,0,0,0,0,0,0,0,0,0,0,0,0,0,False
California,3/16/2017,0,7.5,4.0,,,,3.0,3.7830423940149633,4.0,4.0,3.0,5.0,3.0,4.0,5.0,4.1,0,0,0,0,0,0,0,0,0,0,0,0,0,0,0,0,0,0,0,0,0,0,0,0,0,0,0,0,0,0,0,0,0,0,0,0,0,True
California,4/7/2017,0,6.5,4.5,22.5,21.5,0.83,4.5,3.0,3.5,4.5,3.5,4.0,3.5,4.3,4.3,4.1,0,0,0,0,0,0,0,0,0,0,0,0,0,0,0,0,0,0,0,0,0,0,0,0,0,0,0,0,0,0,0,0,0,0,0,0,0,True
California,4/7/2017,0,6.5,4.0,23.0,21.5,0.85,4.0,3.5,4.5,4.0,3.5,4.5,4.0,4.0,4.5,4.0,0,0,0,0,0,0,0,0,0,0,0,0,0,0,0,0,0,0,0,0,0,0,0,0,0,0,0,0,0,0,0,0,0,0,0,0,0,True
California,4/7/2017,0,4.75,4.0,18.0,17.0,0.41,4.0,4.0,4.5,4.3,4.5,4.5,4.8,4.8,5.0,4.5,0,0,0,0,0,0,0,0,0,0,0,0,0,0,0,0,0,0,0,0,0,0,0,0,0,0,0,0,0,0,0,0,0,0,0,0,0,True
Surf & Turf,4/7/2017,0,6.75,4.0,24.5,22.5,0.99,4.0,4.0,4.0,3.5,3.5,3.0,2.0,3.5,3.5,3.5,0,0,0,0,0,0,0,0,0,0,0,0,0,0,0,0,0,0,0,0,0,0,0,0,0,0,0,0,0,0,0,0,0,0,0,0,0,False
California,4/7/2017,0,6.5,4.0,21.3,23.8,0.96,3.0,3.0,4.0,4.0,4.0,4.0,3.0,4.0,4.0,4.0,0,0,0,0,0,0,0,0,0,0,0,0,0,0,0,0,0,0,0,0,0,0,0,0,0,0,0,0,0,0,0,0,0,0,0,0,0,True
Surf & Turf,4/7/2017,0,6.75,4.0,,,,3.0,5.0,5.0,3.5398325358851666,3.5864805825242727,5.0,3.371969696969697,4.0,5.0,4.5,0,0,0,0,0,0,0,0,0,0,0,0,0,0,0,0,0,0,0,0,0,0,0,0,0,0,0,0,0,0,0,0,0,0,0,0,0,True
California,4/23/2017,1,7.1,4.0,22.5,23.0,0.95,4.5,5.0,3.8,3.8,4.0,4.0,3.9,4.3,5.0,4.3,0,0,0,1,0,0,1,1,1,0,0,0,0,0,0,0,0,0,0,0,0,0,0,0,0,0,0,0,0,0,0,0,0,0,0,0,0,True
Surf & Turf,4/23/2017,0,8.25,3.5,20.0,24.0,0.92,3.5,4.0,4.0,3.0,3.5,4.5,3.5,3.5,5.0,3.6,0,0,0,1,0,1,0,0,0,0,0,1,0,1,0,0,0,0,0,0,1,0,0,0,0,0,0,0,0,0,0,0,0,0,0,0,0,False
Carnitas,4/25/2017,0,5.99,4.0,20.0,20.0,0.64,2.0,4.5,4.5,3.0,3.8,4.4,2.5,3.5,3.0,4.0,0,0,0,0,1,1,0,0,0,1,0,0,0,0,0,0,0,0,0,0,0,0,0,0,0,0,0,0,0,0,0,0,0,0,0,0,0,True
Carnitas,4/25/2017,0,5.99,4.0,18.5,20.0,0.59,4.0,4.0,4.0,3.0,4.0,3.5,2.5,3.5,5.0,3.5,0,0,0,0,1,1,0,0,0,1,0,0,0,0,0,0,0,0,0,0,0,0,0,0,0,0,0,0,0,0,0,0,0,0,0,0,0,False
Other,4/25/2017,0,10.0,3.0,23.0,29.0,1.54,3.0,4.0,3.2,3.5,1.8,1.8,3.5,3.7,3.5,3.9,0,0,0,0,0,0,0,0,0,0,0,0,0,0,0,0,0,0,0,0,0,0,0,0,0,0,0,0,0,0,0,0,0,0,0,0,0,False
Other,4/25/2017,0,10.0,4.2,23.0,29.0,1.54,3.0,4.5,3.5,3.5,2.5,2.0,3.0,3.5,4.5,3.5,0,0,0,0,0,0,0,0,0,0,0,0,0,0,0,0,0,0,0,0,0,0,0,0,0,0,0,0,0,0,0,0,0,0,0,0,0,False
Other,5/2/2017,0,6.25,4.4,,,,4.2,4.5,4.0,3.0,5.0,3.8,2.5,3.0,5.0,3.7,0,0,0,0,1,1,0,0,0,1,0,0,0,0,0,0,0,0,0,0,0,0,0,0,0,0,0,0,0,0,0,0,0,0,0,0,0,False
California,5/2/2017,0,6.25,3.0,,,,4.5,4.5,3.7,3.5,4.0,3.5,3.0,4.0,4.5,4.0,0,0,0,0,0,0,0,0,0,0,0,0,0,0,0,0,0,0,0,0,0,0,0,0,0,0,0,0,0,0,0,0,0,0,0,0,0,True
California,5/9/2017,0,7.75,5.0,18.0,22.5,0.73,3.5,4.2,3.3,3.7,4.0,4.0,2.9,3.0,5.0,3.7,0,0,0,1,1,0,1,1,1,0,0,0,0,0,0,0,0,0,0,0,0,0,0,0,0,0,0,0,0,0,0,0,0,0,0,0,0,False
California,5/9/2017,0,7.75,2.5,20.0,22.5,0.81,4.0,4.0,2.6,3.6,4.0,4.0,3.6,4.0,4.0,2.9,0,0,0,1,1,0,1,1,1,0,0,0,0,0,0,0,0,0,0,0,0,0,0,0,0,0,0,0,0,0,0,0,0,0,0,0,0,False
Other,5/13/2017,0,8.25,3.8,22.5,19.5,0.68,4.0,3.7830423940149633,4.0,3.0,3.0,2.5,4.0,3.0,5.0,3.6,0,0,0,0,1,1,0,0,0,1,0,0,0,0,0,0,0,0,0,0,0,0,0,0,0,0,0,0,0,0,0,0,0,0,0,0,0,False
Other,5/17/2017,0,8.99,4.0,15.5,19.5,0.47,3.5,3.0,3.5,3.5,4.0,2.0,4.0,4.0,4.0,3.4,0,0,0,0,0,0,0,0,0,0,0,0,1,1,0,0,0,0,0,1,0,0,0,0,0,0,0,0,0,0,0,0,0,0,0,1,0,False
California,5/17/2017,0,6.85,4.0,23.5,23.0,0.99,3.5,5.0,3.3,3.0,5.0,2.0,3.0,3.8,3.5,3.9,0,0,0,0,0,0,0,0,0,0,0,0,0,0,0,0,0,0,0,0,0,0,0,0,0,0,0,0,0,0,0,0,0,0,0,0,0,False
California,5/17/2017,0,6.85,4.0,23.5,23.5,1.03,4.0,5.0,4.0,4.0,5.0,3.5,2.0,3.5,4.0,4.0,0,0,0,0,0,0,0,0,0,0,0,0,0,0,0,0,0,0,0,0,0,0,0,0,0,0,0,0,0,0,0,0,0,0,0,0,0,True
California,5/26/2017,0,7.4,3.3,19.5,24.5,0.93,5.0,4.0,4.2,3.5,2.9,3.0,4.0,4.0,4.0,4.0,0,0,0,0,0,0,0,0,0,0,0,0,0,0,0,0,0,0,0,0,0,0,0,0,0,0,0,0,0,0,0,0,0,0,0,0,0,True
California,5/26/2017,0,7.4,3.5,19.5,26.5,1.09,4.5,4.0,4.0,3.5,3.0,3.0,2.5,4.0,3.8,3.8,0,0,0,0,0,0,0,0,0,0,0,0,0,0,0,0,0,0,0,0,0,0,0,0,0,0,0,0,0,0,0,0,0,0,0,0,0,False
Other,5/29/2017,0,9.95,4.2,22.0,21.0,0.77,3.5,5.0,3.0,1.5,3.0,2.5,3.0,2.2,2.5,2.8,0,0,0,0,0,0,0,0,0,0,0,0,0,0,0,0,0,0,0,0,0,0,0,0,0,0,0,0,0,0,0,0,0,0,0,0,0,False
Asada,5/30/2017,0,7.0,3.5,19.5,21.5,0.72,4.0,4.0,2.0,2.5,4.5,4.0,3.0,2.9,4.5,2.8,0,0,0,1,1,1,0,0,0,0,0,0,0,0,0,0,0,0,0,0,0,0,0,0,0,0,0,0,0,0,0,0,0,0,0,0,0,False
Surf & Turf,5/30/2017,0,9.0,3.0,24.0,22.0,0.92,3.5,4.0,4.0,4.0,4.5,4.5,2.0,3.5,4.0,4.0,0,0,0,0,0,0,0,0,0,0,0,0,0,0,0,0,0,0,0,0,0,0,0,0,0,0,0,0,0,0,0,0,0,0,0,0,0,True
California,5/30/2017,0,7.0,3.5,23.0,21.5,0.85,3.0,3.0,2.0,2.0,3.0,2.0,3.0,2.0,3.0,2.2,0,0,0,1,0,0,1,1,1,0,0,0,0,0,0,0,0,0,0,0,0,0,0,0,0,0,0,0,0,0,0,0,0,0,0,0,0,False
California,6/4/2017,0,6.99,4.0,21.0,20.0,0.67,3.0,4.0,4.0,2.5,2.5,3.0,3.0,3.0,5.0,3.0,0,0,0,0,0,0,0,0,0,0,0,0,0,0,0,0,0,0,0,0,0,0,0,0,0,0,0,0,0,0,0,0,0,0,0,0,0,False
California,6/4/2017,0,7.19,3.5,21.0,22.0,0.81,3.5,4.5,3.5,3.5,3.0,3.5,4.0,3.5,5.0,3.8,0,0,0,0,0,0,0,0,0,0,0,0,0,0,0,0,0,0,0,0,0,0,0,0,0,0,0,0,0,0,0,0,0,0,0,0,0,False
California,6/10/2017,0,7.89,4.0,19.0,22.5,0.77,3.0,3.7830423940149633,4.5,4.0,4.5,4.5,4.5,4.8,3.3,4.7,0,0,0,0,0,0,0,0,0,0,0,0,0,0,0,0,0,0,0,0,0,0,0,0,0,0,0,0,0,0,0,0,0,0,0,0,0,True
California,6/10/2017,0,7.89,4.0,18.0,21.5,0.66,3.0,3.7830423940149633,4.0,4.0,4.5,4.0,4.5,4.5,5.0,4.5,0,0,0,0,0,0,0,0,0,0,0,0,0,0,0,0,0,0,0,0,0,0,0,0,0,0,0,0,0,0,0,0,0,0,0,0,0,True
California,6/16/2017,0,6.9,4.3,19.0,23.0,0.8,3.0,3.0,3.5,3.5,3.5,3.5,3.8,4.0,5.0,3.7,0,0,0,0,0,0,0,0,0,0,0,0,0,0,0,0,0,0,0,0,0,0,0,0,0,0,0,0,0,0,0,0,0,0,0,0,0,False
Surf & Turf,6/24/2017,0,8.55,3.0,20.0,23.0,0.84,3.0,2.5,3.0,3.0,3.5,2.8,3.5,2.8,1.5,3.0,0,0,0,0,0,0,0,0,0,0,0,0,0,0,0,0,0,0,0,0,0,0,0,0,0,0,0,0,0,0,0,0,0,0,0,0,0,False
California,6/24/2017,0,7.8,2.5,20.5,24.5,0.98,3.0,2.0,3.5,3.0,3.0,4.0,3.0,3.8,4.5,3.5,0,0,0,0,0,0,0,0,0,0,0,0,0,0,0,0,0,0,0,0,0,0,0,0,0,0,0,0,0,0,0,0,0,0,0,0,0,False
Asada,7/6/2017,0,5.56,2.5,21.5,20.0,0.68,2.5,3.0,2.5,3.5,4.5,4.5,3.7,3.3,4.5,3.5,0,0,0,0,0,0,0,0,0,0,0,0,0,0,0,0,0,0,0,0,0,0,0,0,0,0,0,0,0,0,0,0,0,0,0,0,0,False
Asada,7/6/2017,0,5.56,4.0,21.0,21.5,0.77,4.0,4.0,4.0,3.0,4.0,2.0,4.0,3.0,3.0,4.0,0,0,0,0,0,0,0,0,0,0,0,0,0,0,0,0,0,0,0,0,0,0,0,0,0,0,0,0,0,0,0,0,0,0,0,0,0,True
Other,7/6/2017,0,5.56,3.5,22.5,19.0,0.65,3.5,3.0,3.62039312039312,3.5,3.0,4.0,4.5,3.5,4.0,3.5,0,0,0,0,0,0,0,0,0,0,0,0,0,0,0,0,0,0,0,0,0,0,0,0,0,0,0,0,0,0,0,0,0,0,0,0,0,False
California,7/6/2017,0,6.47,4.0,23.0,22.0,0.89,1.0,2.0,2.0,2.0,3.0,3.0,1.0,2.0,3.0,2.0,0,0,0,0,0,0,0,0,0,0,0,0,0,0,0,0,0,0,0,0,0,0,0,0,0,0,0,0,0,0,0,0,0,0,0,0,0,False
Other,7/13/2017,0,7.35,3.5,17.0,23.0,0.72,3.2,3.0,3.5,3.5,3.0,3.3,3.0,3.8,2.0,3.5,0,0,1,0,0,0,0,0,0,0,0,0,0,0,0,0,0,0,0,0,0,0,0,0,0,0,0,0,0,0,0,0,0,0,0,0,0,False
Asada,7/12/2017,0,6.99,3.0,,,,3.0,4.5,2.0,3.0,2.5,4.0,2.0,2.0,4.0,2.0,0,0,0,0,0,0,0,0,0,0,0,0,0,0,0,0,0,0,0,0,0,0,0,0,0,0,0,0,0,0,0,0,0,0,0,0,0,False
California,7/19/2017,0,6.99,4.0,20.5,21.5,0.75,4.0,3.7830423940149633,3.5,3.5,3.5,3.5,3.5,3.5,5.0,3.7,0,0,0,0,0,0,0,0,0,0,0,0,0,0,0,0,0,0,0,0,0,0,0,0,0,0,0,0,0,0,0,0,0,0,0,0,0,False
Other,7/22/2017,0,8.5,3.8,23.0,22.0,0.89,4.0,4.5,3.0,4.0,3.0,2.5,3.5,3.5,3.0,4.0,0,0,0,0,0,0,0,0,0,0,0,0,0,0,0,0,0,0,0,0,0,0,0,0,0,0,0,0,0,0,0,0,0,0,0,0,0,True
Other,7/22/2017,0,8.5,4.0,22.0,21.0,0.77,4.0,4.0,3.75,4.0,3.5,3.5,4.0,5.0,3.5,4.0,0,0,0,0,0,0,0,0,0,0,0,0,0,0,0,0,0,0,0,0,0,0,0,0,0,0,0,0,0,0,0,0,0,0,0,0,0,True
Asada,8/7/2017,0,6.75,4.0,19.5,21.0,0.68,4.0,4.5,3.5,3.5,4.5,4.5,3.0,3.5,4.0,3.9,0,0,0,0,0,0,0,0,0,0,0,0,0,0,0,0,0,0,0,0,0,0,0,0,0,0,0,0,0,0,0,0,0,0,0,0,0,False
California,8/7/2017,0,7.9,4.0,22.0,25.0,1.09,4.0,5.0,5.0,5.0,5.0,5.0,5.0,4.0,3.5,4.8,0,1,0,0,0,0,0,0,0,0,0,0,0,0,0,0,0,0,0,0,0,0,0,0,0,0,0,0,0,0,0,0,0,0,0,0,0,True
California,8/9/2017,0,8.35,4.5,21.0,23.0,0.88,3.0,3.0,4.0,3.0,4.0,2.5,4.0,4.5,4.0,4.1,0,0,0,0,0,0,0,0,0,0,0,0,0,0,0,0,0,0,0,0,0,0,0,0,0,0,0,0,0,0,0,0,0,0,0,0,0,True
California,8/11/2017,0,7.75,3.0,,,,3.75,5.0,3.0,3.5,5.0,5.0,2.0,3.0,2.8,2.8,0,0,0,1,1,1,1,1,0,0,0,0,0,0,0,0,0,0,0,0,0,0,0,0,0,0,0,0,0,0,0,0,0,0,0,0,0,False
Other,8/14/2017,0,25.0,4.0,21.5,24.0,0.99,3.8,4.4,4.0,3.8,4.0,4.0,4.0,4.0,5.0,4.2,0,1,0,0,0,0,0,0,0,0,0,0,0,0,0,0,0,0,0,0,0,0,0,0,0,0,0,0,0,0,0,0,0,0,0,0,0,True
California,8/14/2017,0,7.0,4.0,19.5,21.5,0.72,4.5,5.0,4.0,4.0,4.0,3.7,3.8,4.6,4.8,4.2,0,0,0,0,0,0,0,0,0,0,0,0,0,0,0,0,0,0,0,0,0,0,0,0,0,0,0,0,0,0,0,0,0,0,0,0,0,True
California,8/19/2017,0,6.99,4.0,20.0,21.0,0.7,4.0,5.0,3.5,3.8,3.0,2.5,3.3,4.0,5.0,3.7,0,0,0,0,0,0,0,0,0,0,0,0,0,0,0,0,0,0,0,0,0,0,0,0,0,0,0,0,0,0,0,0,0,0,0,0,0,False
Other,8/19/2017,0,7.1,3.0,21.0,22.0,0.81,3.5,5.0,4.0,4.0,4.5,4.75,3.75,4.0,5.0,4.2,0,0,0,0,0,0,0,0,0,0,0,0,0,0,0,0,0,0,0,0,0,0,0,0,0,0,0,0,0,0,0,0,0,0,0,0,0,True
Other,8/20/2017,0,6.47,4.0,22.5,20.0,0.72,3.0,3.0,2.0,2.5,1.5,2.5,2.5,3.0,5.0,3.2,0,0,0,0,0,0,0,0,0,0,0,0,0,0,0,0,0,0,0,0,0,0,0,0,0,0,0,0,0,0,0,0,0,0,0,0,0,False
Other,8/20/2017,0,8.94,3.5,21.5,22.0,0.83,2.5,3.5,3.5,3.5,3.5,4.0,3.0,3.5,4.5,3.8,0,0,0,0,0,0,0,0,0,0,0,0,0,0,0,0,0,0,0,0,0,0,0,0,0,0,0,0,0,0,0,0,0,0,0,0,0,False
Carnitas,8/25/2017,0,5.99,2.0,20.0,21.5,0.74,2.0,2.5,4.0,3.0,4.0,3.5,3.0,3.0,5.0,3.8,0,0,0,0,0,0,0,0,0,0,0,0,0,0,0,0,0,0,0,0,0,0,0,0,0,0,0,0,0,0,0,0,0,0,0,0,0,False
Asada,8/25/2017,0,6.99,3.5,,,,4.0,4.0,4.0,4.5,4.0,3.5,4.0,4.0,4.0,4.3,0,0,0,0,0,0,0,0,0,0,0,0,0,0,0,0,0,0,0,0,0,0,0,0,0,0,0,0,0,0,0,0,0,0,0,0,0,True
Other,9/4/2017,0,8.5,3.5,21.5,21.5,,3.5,4.0,4.5,4.0,3.0,4.0,3.5,4.5,5.0,4.3,0,0,0,0,0,0,0,0,0,0,0,0,0,0,0,0,0,0,0,0,0,0,0,0,0,0,0,0,0,0,0,0,0,0,0,0,0,True
Other,9/4/2017,0,8.5,3.5,21.0,23.0,0.88,4.0,4.0,4.0,4.5,4.2,4.5,4.0,4.5,4.8,4.5,0,0,0,0,0,0,0,0,0,0,0,0,0,0,0,0,0,0,0,0,0,0,0,0,0,0,0,0,0,0,0,0,0,0,0,0,0,True
California,9/5/2017,0,6.85,3.5,22.5,22.5,0.91,3.0,4.5,3.8,3.8,4.0,3.5,3.5,4.0,3.0,4.1,0,0,0,0,0,0,0,0,0,0,0,0,0,0,0,0,0,0,0,0,0,0,0,0,0,0,0,0,0,0,0,0,0,0,0,0,0,True
California,9/5/2017,0,6.85,3.5,22.2,22.5,0.89,3.0,4.5,4.0,4.0,4.5,3.0,4.0,4.0,3.5,4.25,0,0,0,0,0,0,0,0,0,0,0,0,0,0,0,0,0,0,0,0,0,0,0,0,0,0,0,0,0,0,0,0,0,0,0,0,0,True
Other,12/16/2017,1,11.5,3.5,15.0,25.0,0.75,2.0,2.0,4.0,3.5,3.0,4.5,3.5,4.0,2.0,3.5,0,0,1,0,0,0,0,0,0,0,0,0,0,0,0,0,0,0,0,0,0,0,0,0,0,0,0,0,0,0,0,0,0,0,0,0,0,False
California,12/29/2017,0,7.89,4.0,19.0,23.0,0.8,4.0,3.0,4.0,4.0,3.0,4.0,3.5,4.3,4.5,4.2,0,0,0,0,0,0,0,0,0,0,0,0,0,0,0,0,0,0,0,0,0,0,0,0,0,0,0,0,0,0,0,0,0,0,0,0,0,True
California,12/29/2017,0,7.89,5.0,20.0,21.5,0.74,5.0,5.0,5.0,5.0,4.0,4.0,5.0,5.0,3.0,4.5,0,0,0,0,0,0,0,0,0,0,0,0,0,0,0,0,0,0,0,0,0,0,0,0,0,0,0,0,0,0,0,0,0,0,0,0,0,True
California,1/2/2018,0,7.25,4.0,,,,4.0,5.0,4.0,5.0,5.0,3.0,3.0,4.0,5.0,3.5,1,0,0,0,0,0,0,0,0,0,0,0,0,0,0,0,0,0,0,0,0,0,0,0,0,0,0,0,0,0,0,0,0,0,0,0,0,False
Other,1/9/2018,0,4.19,3.0,,,,3.0,5.0,2.0,2.0,4.0,1.0,4.0,3.0,4.0,2.0,0,1,0,0,0,0,1,0,1,0,0,0,0,0,1,0,0,0,0,0,0,0,0,0,0,0,1,0,0,0,1,0,0,0,0,0,0,False
California,1/12/2018,0,7.0,5.0,,,,5.0,5.0,5.0,5.0,5.0,5.0,4.0,5.0,5.0,4.8,1,1,0,0,0,0,0,0,0,0,0,0,0,0,0,0,0,0,0,0,0,0,0,0,0,0,0,0,0,0,0,0,0,0,0,0,0,True
Other,1/12/2018,0,8.5,4.0,21.0,23.5,0.92,4.0,4.0,3.0,3.5,1.0,2.0,3.0,3.0,1.0,3.0,0,0,0,0,0,0,0,0,0,0,0,0,0,0,0,0,0,0,0,0,0,0,0,0,0,0,0,0,0,0,0,0,0,0,0,0,0,False
Asada,4/4/2018,0,7.2,3.0,24.5,22.7,1.0,4.0,5.0,4.0,3.0,3.0,3.0,4.0,3.0,4.0,4.0,0,0,0,1,1,1,0,0,0,0,0,0,0,0,0,0,0,0,0,0,0,0,0,0,0,0,0,0,0,0,0,0,0,0,0,0,0,True
Carnitas,4/9/2018,0,5.99,3.0,20.0,23.0,0.84,3.5,5.0,4.3,3.5,5.0,4.0,3.0,3.8,2.0,4.1,0,0,0,0,1,1,0,0,0,1,0,0,0,0,0,0,0,0,0,0,0,0,0,0,0,0,0,0,0,0,0,0,0,0,0,0,0,True
Carnitas,4/9/2018,0,5.99,3.5,17.5,24.0,0.8,4.0,4.5,5.0,4.5,5.0,4.0,4.0,4.5,4.0,4.0,0,0,0,0,1,1,0,0,0,1,0,0,0,0,0,0,0,0,0,0,0,0,0,0,0,0,0,0,0,0,0,0,0,0,0,0,0,True
Carnitas,4/9/2018,0,5.99,2.0,19.0,24.5,0.91,2.0,3.5,4.5,4.0,4.0,2.0,3.0,4.0,2.0,3.5,0,0,0,0,1,1,0,0,0,1,0,0,0,0,0,0,0,0,0,0,0,0,0,0,0,0,0,0,0,0,0,0,0,0,0,0,0,False
California,4/14/2018,0,8.99,4.0,25.0,23.0,1.05,4.5,4.5,4.0,4.0,3.0,4.0,3.5,4.0,3.0,4.2,0,0,0,1,1,1,1,1,1,0,0,0,0,0,0,0,0,0,0,0,0,0,0,0,0,0,0,0,0,0,0,0,0,0,0,0,0,True
California,4/14/2018,0,8.99,4.0,24.0,22.0,0.92,4.5,5.0,3.5,4.0,4.0,4.0,3.371969696969697,2.5,1.5,3.8,0,0,0,1,1,1,1,1,1,0,0,0,0,0,0,0,0,0,0,0,0,0,0,0,0,0,0,0,0,0,0,0,0,0,0,0,0,False
Other,4/16/2018,0,5.99,3.5,17.0,21.5,0.63,4.0,4.5,3.5,3.0,4.5,3.0,3.0,2.5,2.5,3.6,0,0,0,0,0,0,0,0,0,1,0,0,0,0,1,0,0,0,0,0,0,1,0,0,0,0,0,0,0,0,0,0,0,0,0,0,0,False
Other,4/16/2018,0,7.5,4.0,18.0,22.0,0.69,4.0,4.0,3.5,4.2,4.5,4.3,3.0,4.0,4.5,3.8,0,0,0,0,0,1,1,0,0,0,1,0,0,1,1,0,0,0,0,0,0,0,0,0,0,0,0,0,0,0,0,0,0,0,0,0,0,False
Carnitas,4/20/2018,0,5.99,3.0,20.0,20.5,0.67,2.0,5.0,4.5,3.5,4.5,4.5,2.5,3.5,1.5,4.0,0,0,0,0,0,0,0,0,0,0,0,0,0,0,0,0,0,0,0,0,0,0,0,0,0,0,0,0,0,0,0,0,0,0,0,0,0,True
Carnitas,4/20/2018,0,5.99,5.0,22.0,19.0,0.63,4.0,4.5,3.5,4.0,4.0,3.5,4.0,4.0,3.5,4.0,0,0,0,0,0,0,0,0,0,0,0,0,0,0,0,0,0,0,0,0,0,0,0,0,0,0,0,0,0,0,0,0,0,0,0,0,0,True
California,4/21/2018,1,8.5,3.2,18.0,23.0,0.76,3.8,4.0,4.0,4.0,3.8,3.4,4.3,4.0,5.0,4.1,0,0,0,0,0,0,0,0,0,0,0,0,0,0,0,0,0,0,0,0,0,0,0,0,0,0,0,0,0,0,0,0,0,0,0,0,0,True
Surf & Turf,4/21/2018,0,9.5,3.0,19.0,24.0,0.87,3.5,3.0,3.8,4.0,3.8,4.5,4.5,4.0,5.0,3.9,0,0,0,0,0,0,0,0,0,0,0,0,0,0,0,0,0,0,0,0,0,0,0,0,0,0,0,0,0,0,0,0,0,0,0,0,0,False
California,4/29/2018,0,8.5,3.2,19.5,21.5,0.72,3.5,1.0,3.0,3.0,3.4,4.0,4.5,3.0,4.0,3.1,0,0,0,0,0,0,0,0,0,0,0,0,0,0,0,0,0,0,0,0,0,0,0,0,0,0,0,0,0,0,0,0,0,0,0,0,0,False
California,4/29/2018,0,8.5,3.0,18.0,19.0,0.52,3.0,2.5,3.5,3.0,1.0,1.0,4.0,3.5,5.0,1.5,0,0,0,0,0,0,0,0,0,0,0,0,0,0,0,0,0,0,0,0,0,0,0,0,0,0,0,0,0,0,0,0,0,0,0,0,0,False
California,5/1/2018,0,6.99,4.0,18.0,23.0,0.76,3.5,3.0,3.2,3.2,3.2,4.0,3.0,2.5,4.5,3.2,0,0,0,0,0,0,0,0,0,0,0,0,0,0,0,0,0,0,0,0,0,0,0,0,0,0,0,0,0,0,0,0,0,0,0,0,0,False
Carnitas,5/7/2018,0,5.99,3.5,19.5,21.0,0.68,2.5,3.0,4.0,3.5,2.5,2.5,3.3,3.0,4.0,3.7,0,0,0,0,0,0,0,0,0,0,0,0,0,0,0,0,0,0,0,0,0,0,0,0,0,0,0,0,0,0,0,0,0,0,0,0,0,False
Carnitas,5/7/2018,0,5.99,3.5,18.5,24.0,0.85,4.0,4.0,4.5,4.0,4.5,5.0,4.0,4.0,3.979904306220096,4.5,0,0,0,0,0,0,0,0,0,0,0,0,0,0,0,0,0,0,0,0,0,0,0,0,0,0,0,0,0,0,0,0,0,0,0,0,0,True
Other,5/22/2018,0,9.99,5.0,20.0,22.0,0.77,4.0,4.0,3.0,3.0,5.0,3.5,3.371969696969697,3.0,4.5,4.0,0,0,0,0,0,0,0,0,0,0,0,0,0,0,0,0,0,0,0,0,0,0,0,0,0,0,0,0,0,0,0,0,0,0,0,0,0,True
Other,5/22/2018,0,9.99,4.0,20.0,22.0,0.77,5.0,5.0,3.0,3.0,4.0,4.0,2.0,4.0,3.0,4.0,0,0,0,0,0,0,0,0,0,0,0,0,0,0,0,0,0,0,0,0,0,0,0,0,0,0,0,0,0,0,0,0,0,0,0,0,0,True
Other,5/22/2018,0,7.39,4.0,24.0,21.0,0.84,5.0,4.0,4.0,3.0,4.0,5.0,4.0,4.0,5.0,4.0,0,0,0,0,0,0,0,0,0,0,0,0,0,0,0,0,0,0,0,0,0,0,0,0,0,0,0,0,0,0,0,0,0,0,0,0,0,True
Other,5/22/2018,0,7.39,4.5,21.0,22.5,0.85,3.5,4.5,4.0,3.5,2.0,1.0,3.5,3.5,4.0,3.5,0,0,0,0,0,0,0,0,0,0,0,0,0,0,0,0,0,0,0,0,0,0,0,0,0,0,0,0,0,0,0,0,0,0,0,0,0,False
Other,5/22/2018,0,7.39,4.0,22.0,20.0,0.7,3.0,5.0,3.62039312039312,3.0,3.5864805825242727,4.0,3.371969696969697,3.0,4.0,3.5,0,0,0,0,0,0,0,0,0,0,0,0,0,0,0,0,0,0,0,0,0,0,0,0,0,0,0,0,0,0,0,0,0,0,0,0,0,False
California,11/6/2018,0,8.0,4.0,21.5,24.0,0.99,5.0,5.0,5.0,4.5,5.0,5.0,5.0,5.0,5.0,4.9,0,1,0,0,0,0,0,0,0,0,0,0,0,0,0,0,0,0,0,0,0,0,0,0,0,0,0,0,0,0,0,0,0,0,0,0,0,True
California,8/24/2019,0,8.0,4.0,,,,4.0,4.5,3.5,4.0,4.0,5.0,4.7,4.0,5.0,4.1,0,0,0,0,0,0,0,0,0,0,0,0,0,0,0,0,0,0,0,0,0,0,0,0,0,0,0,0,0,0,0,0,0,0,0,0,0,True
Other,8/27/2019,0,5.5,2.0,19.0,23.0,0.8,4.5,5.0,5.0,3.5,4.0,4.5,4.0,4.9,4.5,4.8,0,0,0,0,0,0,0,0,0,0,0,0,0,0,0,0,0,0,0,0,0,0,0,0,0,0,0,0,0,0,0,0,0,0,0,0,0,True
Asada,8/27/2019,0,6.75,3.0,19.0,25.0,0.94,3.0,4.0,4.0,3.0,4.0,4.0,3.0,3.0,5.0,4.0,0,0,0,0,0,0,0,0,0,0,0,0,0,0,0,0,0,0,0,0,0,0,0,0,0,0,0,0,0,0,0,0,0,0,0,0,0,True
Other,8/27/2019,0,6.0,3.0,17.5,21.5,0.64,4.0,4.0,4.5,4.0,3.0,3.0,4.5,4.0,4.5,4.0,0,0,0,0,0,0,0,0,0,0,0,0,0,0,0,0,0,0,0,0,0,0,0,0,0,0,0,0,0,0,0,0,0,0,0,0,0,True
California,8/27/2019,0,7.9,2.0,17.0,22.0,0.65,4.5,3.0,4.0,4.5,2.5,3.5,4.0,5.0,5.0,4.25,0,0,0,0,0,0,0,0,0,0,0,0,0,0,0,0,0,0,0,0,0,0,0,0,0,0,0,0,0,0,0,0,0,0,0,0,0,True
Other,8/27/2019,0,6.0,1.0,17.0,20.5,0.57,5.0,4.0,3.5,3.5398325358851666,4.0,4.0,2.0,2.0,5.0,3.5,0,0,0,0,0,0,0,0,0,0,0,0,0,0,0,0,0,0,0,0,0,0,0,0,0,0,0,0,0,0,0,0,0,0,0,0,0,False
Other,8/27/2019,0,6.0,4.0,19.0,26.0,1.02,4.0,5.0,3.62039312039312,3.5,4.0,4.0,5.0,4.0,3.0,4.0,0,0,0,0,0,0,0,0,0,0,0,0,0,0,0,0,0,0,0,0,0,0,0,0,0,0,0,0,0,0,0,0,0,0,0,0,0,True
California,8/27/2019,0,7.9,3.0,20.0,22.0,0.77,4.0,4.0,4.0,3.7,3.0,2.0,3.5,4.0,4.5,3.5,0,0,0,0,0,0,0,0,0,0,0,0,0,0,0,0,0,0,0,0,0,0,0,0,0,0,0,0,0,0,0,0,0,0,0,0,0,False
Other,8/27/2019,0,7.9,3.0,22.5,24.5,1.07,5.0,2.0,5.0,5.0,5.0,2.0,5.0,5.0,2.0,4.0,0,0,0,0,0,0,0,0,0,0,0,0,0,0,0,0,0,0,0,0,0,0,0,0,0,0,0,0,0,0,0,0,0,0,0,0,0,True
Other,8/27/2019,0,5.5,3.5,17.0,21.3,0.61,3.0,5.0,4.3,4.0,4.9,3.8,3.0,4.5,4.0,4.6,0,0,0,0,0,0,0,0,0,0,0,0,0,0,0,0,0,0,0,0,0,0,0,0,0,0,0,0,0,0,0,0,0,0,0,0,0,True
